bank_name,year,TRADE,NIMY,IDT1RWAJR,DEPINS,LNATRES,BKCLASS,NOIJ,ELNATR,INTINC,NCLNLSR,P9LTOT,LNLSNET,IDT1CER,DEPFOR,ROA,P3LTOT,DEPDOM,ROE,LNLSGR,NETINC,EQ,LNLSDEPR,NTLNLSR,DEPUNINS,FREPO,CHBAL,OFFDOM,CERT,STALP,EINTEXP,COREDEP,DEPIDOM,REPDTE,RBC1AAJ,SC,PTAXNETINC,NUMEMP,ASSET,NONIX,DEP,NIM,CITY,RBCRWAJ,P9ASSET,NAMEFULL,P3ASSET,NONII,LIAB,EQTOT,ID,ticker,failed,failure_date,report_date,quarter,liquidity_ratio,debt_to_equity,net_interest_income,interest_coverage,loan_to_deposit,uninsured_deposit_ratio,npa_ratio,core_deposit_ratio,reserve_ratio,filing_date,filing_year,risk_factors_length,mda_length,rf_hedging_density,rf_severe_density,rf_sentiment_compound,rf_sentiment_negative,rf_word_count,mda_hedging_density,mda_severe_density,mda_sentiment_compound,mda_sentiment_negative,mda_word_count,rf_length_yoy_change,mda_length_yoy_change,max_drawdown,severe_drawdown,distressed,liquidity_ratio_yoy,debt_to_equity_yoy,interest_coverage_yoy,loan_to_deposit_yoy,uninsured_deposit_ratio_yoy
Citizens Financial Group,2018,0,2.2717578825629823,28.618210567132852,3561063,0,N,141042.93,0,302037,0.0,0.0,8112874,28.618210567132852,,1.494810596899529,0.0,3561309,11.78,8112874,136803,1255025,227.8059556191277,0.0,246,1591401,57653,1,27389,NV,98558,3535172,3561309,20181231,14.134782261005268,0,235221,0,9965024,108558,3561309,203479,LAS VEGAS,28.618210567132852,0,WELLS FARGO FINANCIAL NATIONAL BANK,3128,140300,8709999,1255025,27389_20181231,CFG,False,,2018-12-31,4,0.463047154852331,6.940099998008008,203479,2.0645609691755107,2.278059556191277,6.90757246843787e-05,0.0,0.9926608446500992,0.0,,,,,,,,,,,,,,,,,-0.6559768255982967,True,True,,,,,
Citizens Financial Group,2019,0,2.7019774697812977,22.5722443964468,6728550,0,N,304645.0,270,582235,0.05532728208720411,0.0,11643442,22.5722443964468,,2.1499499113082585,0.0,6914781,21.77,11643442,304645,1524418,168.38482664888448,0.00227671946581483,189466,4087139,7885,1,27389,NV,206889,5225960,6914781,20191231,10.017723836730177,0,382582,0,16012936,63716,6914781,375346,LAS VEGAS,22.5722443964468,2911,WELLS FARGO NATIONAL BANK WEST,4354,71222,14488518,1524418,27389_20191231,CFG,False,,2019-12-31,4,0.5922131156431418,9.504294753801123,375346,1.8142385530405194,1.6838482664888448,0.027400144704510528,0.00018179052236266978,0.7557665239144956,0.0,,,,,,,,,,,,,,,,,-0.6559768255982967,True,True,0.27894774741031014,0.36947518861819084,-0.12124728689168152,-0.26084098112689524,395.66821925803123
Citizens Financial Group,2020,0,2.1773113806583697,42.68861084782417,19404904,29259,N,363270.0,18357,544333,0.2124392534031042,0.0,8311949,42.68861084782417,0.0,1.8292925742353787,,20093435,20.88,8341208,363270,1873829,41.366491095225875,-8.147346388912765e-06,650944,739300,12806017,1,27389,NV,117984,14424078,20093435,20201231,8.582811436228964,0,465528,0,22031369,96236,20093435,426349,LAS VEGAS,42.88960120888294,4375,WELLS FARGO NATIONAL BANK WEST,27508,153772,20157540,1873829,27389_20201231,CFG,False,,2020-12-31,4,0.6741165460261026,10.757406358851314,426349,3.6136171006238134,0.41366491095225877,0.03239585466596428,0.0001985804876673801,0.7178502829406719,0.0035077653021001274,,,,,,,,,,,,,,,,,-0.6559768255982967,True,True,0.13830060196153182,0.13184687949087714,0.9918092328970072,-0.7543336183046756,0.18232421818675193
Citizens Financial Group,2021,0,1.9900339033467187,30.45566214543322,16127182,38032,N,225521.0,8952,406187,0.6501447124385045,0.0,11905309,30.45566214543322,0.0,1.1413867889215117,,16911994,11.87,11943341,225521,1891675,70.39565529647184,0.001522865199920042,777333,627187,2700058,1,27389,NV,16605,15228814,16911994,20211231,10.225202194717717,3467225,296059,0,18863981,84919,16911994,389582,LAS VEGAS,30.702627655537967,0,WELLS FARGO NATIONAL BANK WEST,26446,348,16972306,1891675,27389_20211231,CFG,False,,2021-12-31,4,0.40175451812482904,8.972104616279223,389582,23.46172839506173,0.7039565529647184,0.045963415076897496,0.0,0.9004741841795828,0.003184368595018764,,,,,,,,,,,,,,,,,-0.6559768255982967,True,True,-0.4040281009372041,-0.16596024013754251,5.492588379386285,0.7017555376988751,0.4188054475126277
Citizens Financial Group,2022,0,1.0540845917901018,25.326222465012854,12578383,40752,N,105182.0,2821,491843,0.4540127142184552,0.0,12845451,25.326222465012854,0.0,0.5657374831993739,,13745873,5.92,12886203,105182,1731366,93.44951026391703,0.0005774146420470638,1281006,971728,503814,1,27389,NV,297924,13068897,13745873,20221231,9.671571603351481,3148380,128867,0,17664869,60477,13745873,193919,LAS VEGAS,25.677616678261327,1351,WELLS FARGO NATIONAL BANK WEST,19105,-1754,15933503,1731366,27389_20221231,CFG,False,,2022-12-31,4,0.3363862011528842,9.202850812595372,193919,0.6509009009009009,0.9344951026391703,0.09319204389564781,7.647948026107637e-05,0.9507505998345831,0.0031624521203026212,,,,,,,,,,,,,,,,,-0.6559768255982967,True,True,-0.16270711099167845,0.025718179422192344,-0.9722569075073811,0.3274897416659268,1.0275265390906245
Citizens Financial Group,2023,0,0.1093089219736833,31.52385055362422,11427019,20944,N,-989946.31,-19714,609475,0.7018574723962882,0.0,6218072,31.52385055362422,0.0,-6.3287369912069025,,12204513,-64.42,6239016,-1020370,1345681,50.94895634098632,0.005293714198159822,893768,0,6443593,1,27389,NV,592129,12100208,12204513,20231231,9.201474114566981,2018023,-1260145,0,14793562,68292,12204513,17346,LAS VEGAS,31.742654660074454,0,WELLS FARGO NATIONAL BANK WEST,11426,-1228913,13447881,1345681,27389_20231231,CFG,False,,2023-12-31,4,0.6933186109105706,9.993364697874162,17346,0.029294292291037933,0.5094895634098632,0.07323258207844918,0.0,0.9914535713141523,0.0033569396199657126,,,,,,,,,,,,,,,,,-0.6559768255982967,True,True,1.0610792254093209,0.08589880477002443,-0.9549942360649798,-0.4547969679338292,-0.2141755989336206
Fifth Third Bancorp,2018,1385098,3.4763647206474304,11.927576932609027,65112525,1102713,SM,2321055.65,237606,5230242,0.6800490402890332,0.0,94709936,11.927576932609027,240351.0,1.6457357602705482,,112797869,13.69,95812649,2313278,17244702,83.78576378856638,0.3518044165530327,58245730,0,4510217,1134,6672,OH,833984,108639722,80196461,20181231,10.273480927832766,32304735,2980295,17420,144453358,3904046,113038220,4396258,CINCINNATI,13.573540562919877,287839,FIFTH THIRD BANK,387949,2725689,127208552,17244806,6672_20181231,FITB,False,,2018-12-31,4,0.32568587863467774,7.37667441281386,4396258,5.271393695802318,0.8378576378856638,0.5152746566603755,0.001992608576119082,0.9610884000119606,0.011509054509076353,,,,,,,,,,,,,,,,,-0.640594654359796,True,True,,,,,
Fifth Third Bancorp,2019,1758379,3.4017174399566232,11.855166760412263,74293706,1201496,N,2708421.98,468519,6218612,0.9176166187748488,0.0,109715850,11.855166760412263,220537.0,1.6247721050116435,,132165535,12.29,110917346,2716976,23039944,82.87567441384618,0.33478187750219446,81453527,0,5234152,1165,6672,OH,1178250,126084445,95773009,20191231,10.35959885868384,35502369,3489839,19841,167845100,4428544,132386072,5040362,CINCINNATI,13.461897338262585,391228,"FIFTH THIRD BANK, NATIONAL ASSOCIATION",458031,3346540,144805052,23040048,6672_20191231,FITB,False,,2019-12-31,4,0.3077100210360498,6.284956768992147,5040362,4.277837470825377,0.8287567441384619,0.6152726323053078,0.0023308872287603273,0.9523996225222242,0.0108323543911698,,,,,,,,,,,,,,,,,-0.640594654359796,True,True,-0.055193850203101746,-0.14799591017943192,-0.1884807476565682,-0.010862100356533122,0.19406732769091395
Fifth Third Bancorp,2020,2651289,2.989986567715423,12.278467893291252,82956845,2452468,N,1524462.5,1078240,5627935,1.1676998697385932,0.0,111027805,12.278467893291252,143135.0,0.816458864237392,,165140813,6.52,113480273,1561861,24405347,67.17397929047532,0.4110225277382433,106661611,0,36544944,1146,6672,OH,531821,159533148,107031249,20201231,8.846554710733901,37021967,1959537,19846,203174120,4694528,165283948,5096114,CINCINNATI,14.173124260810594,484602,"FIFTH THIRD BANK, NATIONAL ASSOCIATION",459504,2636191,178768669,24405451,6672_20201231,FITB,False,,2020-12-31,4,0.44509410556916273,7.324979603854843,5096114,9.5823858027419,0.6717397929047532,0.6453234708551371,0.0023851561409494477,0.9652065426220336,0.021611403772354338,2020-03-02,2020.0,0.0,0.0,,,,,0.0,,,,,0.0,,,-0.640594654359796,True,True,0.4464725720356626,0.16547812070781753,1.2400069820541946,-0.1894608428157486,0.04884150045360314
Fifth Third Bancorp,2021,2967619,2.741159179302157,10.903476114914765,89399259,1892292,N,2869195.67,-376076,5237794,0.8407804853185454,0.0,114568784,10.903476114914765,121423.0,1.3959009663883633,,176175460,12.13,116461076,2871974,22964184,64.98627885553712,0.15269301251148978,112559456,0,37545107,1129,6672,OH,194951,174188879,110608950,20211231,8.290870396432688,37613632,3686463,19086,209696785,4741368,176296883,5042843,CINCINNATI,12.333533900195134,465554,"FIFTH THIRD BANK, NATIONAL ASSOCIATION",324578,3008912,186732497,22964288,6672_20211231,FITB,False,,2021-12-31,4,0.426319159596259,8.13146667872022,5042843,25.86723330477915,0.6498627885553712,0.638465377745788,0.0022201294120937523,0.9880428742463927,0.016248278523547214,2021-02-26,2021.0,0.0,100000.0,,,,,0.0,21.82952182952183,0.12993762993762994,0.9834600000000002,0.0367,15392.0,,inf,-0.640594654359796,True,True,-0.04218196947114217,0.11010093112627284,1.699456464941905,-0.03256767662189686,-0.010627372812368363
Fifth Third Bancorp,2022,3538686,3.2668794636657914,11.307528626140817,94219223,2194009,N,2669809.97,562913,6617722,0.6247422260588087,0.0,120292189,11.307528626140817,182390.0,1.2886508027814203,,169348160,13.02,122486198,2670005,19481013,70.95605423329306,0.18837330118116485,88345349,0,11662599,1096,6672,OH,674685,164214670,116104153,20221231,9.227495689737083,50646810,3416876,19297,206289179,4711250,169530550,5943037,CINCINNATI,12.805427727720911,250290,"FIFTH THIRD BANK, NATIONAL ASSOCIATION",445861,2748002,186808062,19481117,6672_20221231,FITB,False,,2022-12-31,4,0.3675408886480932,9.589237582255091,5943037,8.808609943899746,0.7095605423329305,0.5211175743840859,0.001213296796338503,0.9686435276709714,0.01791229571841229,2022-02-25,2022.0,0.0,0.0,,,,,0.0,,,,,0.0,,-1.0,-0.640594654359796,True,True,-0.13787386662103374,0.17927527236258745,-0.6594684155003041,0.09186208970399123,-0.18379665907025178
Fifth Third Bancorp,2023,4027000,3.44754998890279,12.42372301492376,97792000,2322000,N,2684420.0,515000,9789000,0.7023092881678741,0.0,115290000,12.42372301492376,162000.0,1.2836722880842697,,175648000,13.43,117612000,2686000,21191000,65.57647460326488,0.31957449913970054,84048000,0,25183000,1097,6672,OH,3461000,168667000,132383000,20231231,9.375450809945507,49720000,3450000,18703,213768000,5175000,175810000,6328000,CINCINNATI,13.85189309000012,177000,"FIFTH THIRD BANK, NATIONAL ASSOCIATION",439000,2812000,192577000,21191000,6672_20231231,FITB,False,,2023-12-31,4,0.4260451623912178,9.087678731536974,6328000,1.8283733025137243,0.6557647460326489,0.4780615437119618,0.0008280004490849893,0.9593709117797622,0.019742883379247015,2023-02-24,2023.0,0.0,0.0,,,,,0.0,,,,,0.0,,,-0.640594654359796,True,True,0.15917759234439988,-0.05230435124959809,-0.7924333902672199,-0.07581565362049159,-0.08262248826095042
First Horizon,2018,0,3.5855530413412917,12.975588087604775,76030,1036,SM,1154.53,150,5373,0.0,0.0,101339,12.975588087604775,,0.8675299180792027,0.0,109609,9.19,102375,1149,12852,92.45499913328285,0.019060192086609515,33716,0,12804,2,14413,IA,1101,100770,75866,20181231,10.261638563049853,11771,1491,28,132935,3204,109609,4272,FAIRFIELD,13.97601297848507,0,"IOWA STATE BANK AND TRUST COMPANY OF FAIRFIELD, IOWA",287,573,120083,12852,14413_20181231,FHN,False,,2018-12-31,4,0.22420604147469642,9.343526299408653,4272,3.880108991825613,0.9245499913328286,0.3076024778987127,0.0,0.9193588117764052,0.01011965811965812,2018-02-28,2018.0,0.0,0.0,,,,,0.0,,,,,0.0,,,-0.64245754190098,True,True,,,,,
First Horizon,2019,0,3.523746816966659,13.207110023724791,79888,1120,SM,1322.05,85,5981,0.0037821840221635983,0.0,104639,13.207110023724791,,0.9738571499916274,0.0,109543,9.84,105759,1326,14134,95.52321919246324,0.0009621064743993088,29882,0,13034,2,14413,IA,1539,97130,77814,20191231,10.53374627648959,11199,1716,25,135937,3249,109543,4442,FAIRFIELD,14.245069691577699,4,"IOWA STATE BANK AND TRUST COMPANY OF FAIRFIELD, IOWA",0,608,121803,14134,14413_20191231,FHN,False,,2019-12-31,4,0.22121906465954008,8.617730295740767,4442,2.8862897985705005,0.9552321919246324,0.27278785499758085,2.9425395587661932e-05,0.8866837680180386,0.010590115262058076,2019-02-28,2019.0,0.0,0.0,,,,,0.0,,,,,0.0,,,-0.64245754190098,True,True,-0.013322463549642727,-0.07767902400122972,-0.2561317724189791,0.03318609148172991,-0.11318056713637925
First Horizon,2020,0,3.561416411204882,13.197270504321112,89226,1280,SM,1279.35,160,5960,0.0,0.0,116778,13.197270504321112,,0.8804939928347865,0.0,133106,8.89,118058,1307,15049,87.73308490977116,0.0,43994,0,26106,2,14413,IA,1069,122938,89731,20201231,9.212074904336145,9975,1664,27,160189,3640,133106,4891,FAIRFIELD,14.327204032450277,0,"IOWA STATE BANK AND TRUST COMPANY OF FAIRFIELD, IOWA",0,573,145140,15049,14413_20201231,FHN,False,,2020-12-31,4,0.27106967379381847,9.644494650807363,4891,4.575304022450888,0.8773308490977116,0.3305185341006416,0.0,0.923609754631647,0.010842128445340425,2020-02-28,2020.0,0.0,0.0,,,,,0.0,,,,,0.0,,,-0.64245754190098,True,True,0.2253449955183533,0.1191455661560985,0.585185252262926,-0.08155225869216431,0.21163214580639123
First Horizon,2021,0,3.7814530299731106,12.314442524957576,104658,1479,SM,1766.24,213,6671,0.19651361723771213,0.0,128283,12.314442524957576,,1.056520627084003,0.0,156065,11.5,129762,1801,16033,82.19844295646045,0.011785170484276224,51435,0,37042,1,14413,IA,697,151679,100726,20211231,8.87378405472993,11194,2313,31,185037,4021,156065,5974,FAIRFIELD,13.444986317286084,0,"IOWA STATE BANK AND TRUST COMPANY OF FAIRFIELD, IOWA",2,573,169004,16033,14413_20211231,FHN,False,,2021-12-31,4,0.3090763463941307,10.541009168589783,5974,8.571018651362984,0.8219844295646045,0.32957421587159197,0.0,0.971896325249095,0.011397789799787303,2021-02-25,2021.0,0.0,0.0,,,,,0.0,,,,,0.0,,,-0.64245754190098,True,True,0.14020997652884226,0.09295609052024001,0.8733222118803987,-0.06308500332574418,-0.0028570810154993076
First Horizon,2022,0,3.2531664824864777,10.489966275203903,125065,1582,SM,1108.0,114,6929,0.031120521848436954,0.0,162297,10.489966275203903,,0.5786734798331248,0.0,175346,6.74,163879,1108,16686,92.55814218744653,0.0068701702702999795,50573,0,25549,2,14413,IA,1112,154274,124210,20221231,8.61462763084236,13630,1438,32,210861,4583,175346,5817,FAIRFIELD,11.435934846564138,0,"IOWA STATE BANK AND TRUST COMPANY OF FAIRFIELD, IOWA",11,318,194175,16686,14413_20221231,FHN,False,,2022-12-31,4,0.2234382306981625,11.637001078748652,5817,5.231115107913669,0.9255814218744653,0.2884183271930925,0.0,0.8798261722537155,0.009653463836122993,2022-03-01,2022.0,0.0,100000.0,,,,,0.0,15.434004198049143,0.1852080503765897,0.981765,0.03355000000000001,16198.0,,inf,-0.64245754190098,True,True,-0.2770775463573114,0.1039740970366212,-0.38967404917712967,0.12603279160012182,-0.12487593596986524
First Horizon,2023,0,2.960502831160474,11.011414009465275,145907,1904,SM,1091.08,90,11011,0.0,0.0,188687,11.011414009465275,,0.457625611692901,0.0,194655,5.85,190591,1050,20123,96.93406282910792,0.0,49500,0,25493,2,14413,IA,4625,176363,140922,20231231,8.547775782964292,20243,1402,30,245140,5344,194655,6386,FAIRFIELD,11.94080990213504,0,"IOWA STATE BANK AND TRUST COMPANY OF FAIRFIELD, IOWA",612,450,225017,20123,14413_20231231,FHN,False,,2023-12-31,4,0.23495928694356683,11.18208020672862,6386,1.3807567567567567,0.9693406282910791,0.25429606226400553,0.0,0.9060286147286224,0.009989978540434753,2023-03-01,2023.0,0.0,100000.0,,,,,0.0,21.292538245394944,0.18732438339057134,0.8674600000000001,0.04195,16015.0,,0.0,-0.64245754190098,True,True,0.0515626005872194,-0.03909262093743404,-0.7360492498687445,0.047277533215817735,-0.11830824088457648
First Republic Bank,2018,41646,2.8424470114983977,11.699115952890736,27749355,439048,NM,849614.38,76092,3048064,0.06116691680839888,0.0,75525219,10.3773403566114,,0.9138596193385542,0.0,79063236,10.34,75964267,853828,8677777,95.52507944400354,0.0042935442041396295,51655376,0,2811159,79,59017,CA,530498,72590159,49031301,20181231,8.675224361506906,16234808,1046540,4480,99205204,1916748,79063236,2517566,SAN FRANCISCO,13.428309190703661,0,FIRST REPUBLIC BANK,10845,521814,90527427,8677777,59017_20181231,FRC,True,2023-05-01,2018-12-31,4,0.24089536380726942,10.432098796731006,2517566,4.745665393648986,0.9552507944400354,0.653342547223845,0.0,0.9181278514833368,0.005779664799503693,,,,,,,,,,,,,,,,,,False,True,,,,,
First Republic Bank,2019,40789,2.753172549679784,11.210562860802524,31769769,496104,NM,933146.52,61690,3598528,0.15765336618361114,0.0,90324031,9.86169406164222,,0.871022086875516,0.0,90133246,10.06,90820135,930329,9851107,100.21166995361513,0.005614982292703802,59008164,0,1699557,82,59017,CA,815312,81424959,57009417,20191231,8.391444190522256,18449388,1136672,4812,116263634,2145735,90133246,2783216,SAN FRANCISCO,12.725556927605789,0,FIRST REPUBLIC BANK,29121,560881,106412527,9851107,59017_20191231,FRC,True,2023-05-01,2019-12-31,4,0.22354620402775685,10.802088232317445,2783216,3.413682124143886,1.0021166995361512,0.6546770100790557,0.0,0.903384296178571,0.005462489127548644,,,,,,,,,,,,,,,,,,False,True,-0.0720194839174777,0.035466442831463496,-0.28067365880613127,0.049061362072552406,0.0020425163811557123
First Republic Bank,2020,81088,2.6943745791047387,11.180320098742895,35414008,635019,NM,1064278.2,145210,3878156,0.16354649434307408,0.0,111951925,9.670373346502023,0.0,0.8259344108183421,,114928800,9.87,112586944,1064151,11750646,97.40980937763206,0.0023672513946204903,80302900,0,5094754,84,59017,CA,590121,109293050,68647688,20201231,8.142645509963634,18530191,1334124,5483,142502134,2433522,114928800,3288035,SAN FRANCISCO,12.550974507417498,0,FIRST REPUBLIC BANK,30057,624821,130751488,11750646,59017_20201231,FRC,True,2023-05-01,2020-12-31,4,0.20556157377437162,11.127174454919329,3288035,5.571797987192457,0.9740980937763206,0.6987186849597316,0.0,0.950963118034818,0.005640254344233733,,,,,,,,,,,,,,,,,,False,True,-0.08045151261504824,0.03009475719975141,0.6321959059353843,-0.027959424059891935,0.06727237126496566
First Republic Bank,2021,37116,2.684233206715724,12.560285648153982,40617353,693649,NM,1481522.86,59217,4415264,0.10269791386924738,0.0,134263328,9.650098027857382,0.0,0.9083749704739849,,156321243,10.76,134956977,1478116,15897620,85.88936821593724,0.0016706459638663226,116696693,0,12947107,86,59017,CA,270884,151491885,85481011,20211231,8.7600480215173,25701247,1831899,6295,181087209,3120906,156321243,4144380,SAN FRANCISCO,13.718583583284333,0,FIRST REPUBLIC BANK,25600,867642,165189589,15897620,59017_20211231,FRC,True,2023-05-01,2021-12-31,4,0.24723673672425955,10.390837685137775,4144380,15.299463977200572,0.8588936821593723,0.7465184562279868,0.0,0.9691061949910417,0.005139778731113694,,,,,,,,,,,,,,,,,,False,True,0.20273810024256478,-0.06617464054012556,1.7458755705731779,-0.11826777236605734,0.06841060973059587
First Republic Bank,2022,95253,2.6038191459208626,11.564701126599687,57663686,783633,NM,1671875.11,107105,5755628,0.06518233350692437,0.0,166083667,9.171379966513665,0.0,0.8464721595296719,,176436706,10.03,166867300,1665627,17445927,94.13215127695707,0.001912603278619315,119470758,0,4283201,88,59017,CA,887651,156177298,113858221,20221231,8.505324385457408,31718821,2149325,7213,212638872,3581820,176436706,4867977,SAN FRANCISCO,12.596077926088945,0,FIRST REPUBLIC BANK,24431,970273,195192945,17445927,59017_20221231,FRC,True,2023-05-01,2022-12-31,4,0.20405063558599876,11.188453614416707,4867977,5.484111435688125,0.9413215127695708,0.6771309706949528,0.0,0.885174641607739,0.0046961447809127374,,,,,,,,,,,,,,,,,,False,True,-0.17467509768350398,0.07676146557652208,-0.6415487860319415,0.09596977172187837,-0.09294811796567715
First Republic Bank,2023,52805,1.6975032240767036,11.67337601776268,54732178,801708,NM,268765.46,16189,1905416,0.07532150624894716,0.0,172508687,9.32291659757912,0.0,0.48314586520622743,,104473959,6.08,173310395,269102,17989836,165.12123083226894,-0.0005314869336156798,50840852,0,13159283,89,59017,CA,1012063,58665217,84177416,20230331,8.245873206142388,34313041,341074,7040,232944161,842634,104473959,893353,SAN FRANCISCO,12.706622449343069,0,FIRST REPUBLIC BANK,19862,306544,214954325,17989836,59017_20230331,FRC,True,2023-05-01,2023-03-31,1,0.4543938456472201,11.948653951042132,893353,0.8827049304242918,1.6512123083226893,0.48663659812106863,0.0,0.5615295673824325,0.004625850630598355,,,,,,,,,,,,,,,,,,False,True,1.226868072928458,0.0679450764890226,-0.8390432177070571,0.7541427513586372,-0.28132574172227864
Heartland BancCorp,2018,0,3.8187691359688816,16.301338631404096,49816,552,SM,874.0,60,3941,0.9542996500901284,0.0,56034,16.301338631404096,,0.9742612223968611,0.0,77274,9.28,56586,874,9625,72.5133938970417,0.020204469228593366,27529,1127,3204,2,25851,KS,768,66735,62638,20181231,10.809351546892715,27029,1109,19,93632,2529,77274,3173,ELKHART,17.20027358890011,432,HEARTLAND TRI-STATE BANK,573,525,84006,9625,25851_20181231,HTLF,False,,2018-12-31,4,0.4058286098817196,8.727896103896104,3173,4.131510416666667,0.725133938970417,0.3562517793824572,0.004613807245386192,0.8636151875145586,0.0097550630898102,,,,,,,,,,,,,,,,,,False,False,,,,,
Heartland BancCorp,2019,0,3.8129718839452242,15.610533401101694,78767,645,SM,897.64,123,4913,1.4189318883163289,0.0,67082,15.610533401101694,,0.8572727272727274,0.0,108595,8.48,67727,943,12216,61.772641465997516,0.048156102822910746,29950,4481,5759,4,25851,KS,1090,101139,86370,20191231,9.401836684040706,36774,1065,26,121971,3201,108595,3823,ELKHART,16.496558924131488,623,HEARTLAND TRI-STATE BANK,1447,566,109755,12216,25851_20191231,HTLF,False,,2019-12-31,4,0.43292969289562133,8.984528487229863,3823,3.507339449541284,0.6177264146599751,0.27579538652792485,0.005107771519459544,0.9313412219715457,0.009523528282664225,2019-02-22,2019.0,0.0,0.0,,,,,0.0,,,,,0.0,,,,False,False,0.06677962655664049,0.02940369365982698,-0.15107573361244686,-0.1481209450256109,-0.22584137823535666
Heartland BancCorp,2020,0,3.6086634942399853,14.437387889659185,86941,804,SM,1037.08,310,4983,2.6506657808044736,0.0,71442,14.437387889659185,,1.0183969491960931,0.0,117353,10.18,72246,1300,13664,60.87786422162195,0.21832987764851494,30505,6003,5864,4,25851,KS,709,108569,89336,20201231,9.124752960642226,41358,1226,26,132716,3520,117353,4274,ELKHART,15.411838851990108,1731,HEARTLAND TRI-STATE BANK,2241,782,119052,13664,25851_20201231,HTLF,False,,2020-12-31,4,0.4535461385733641,8.712822014051522,4274,6.02820874471086,0.6087786422162195,0.2599422255928694,0.013042888574098074,0.9251489096997947,0.011128643800348809,2020-02-21,2020.0,100000.0,0.0,30.303030303030305,1.844532279314888,0.777215,0.04875,15180.0,,,,,0.0,inf,,,False,False,0.04762077079964433,-0.030241595155998446,0.7187411801555945,-0.014485008624215867,-0.057481603063183506
Heartland BancCorp,2021,0,3.387603996656184,14.559262775243697,91028,1041,SM,1351.9,240,4675,3.6723283493582954,0.0,69786,14.559262775243697,,1.0085968045280065,0.0,125866,9.96,70827,1360,13769,55.44467926207236,0.004356589777697746,34905,8546,7104,4,25851,KS,420,119749,94287,20211231,9.325848529117323,47849,1669,26,141117,3471,125866,4255,ELKHART,15.764430757831855,2428,HEARTLAND TRI-STATE BANK,1057,1125,127348,13769,25851_20211231,HTLF,False,,2021-12-31,4,0.5044968458519378,9.248892439538093,4255,10.130952380952381,0.5544467926207236,0.2773187357983888,0.017205581184407265,0.9514006959782626,0.014697784743106443,2021-02-26,2021.0,100000.0,0.0,24.00104636714407,0.19619383951343927,0.9418399999999998,0.040249999999999994,15291.0,,,,,0.0,0.0,,,False,False,0.11233853172874508,0.06152661268898041,0.6805908371771732,-0.0892472991458837,0.06684758571212313
Heartland BancCorp,2022,0,3.285123319439656,16.956010101677883,93135,1026,SM,1102.54,30,4823,1.6917053628334697,0.0,53889,16.956010101677883,,0.8059442738818973,0.0,129968,11.55,54915,1112,8207,41.46328326972794,0.07852498665075228,36932,15534,7728,4,25851,KS,630,121494,94398,20221231,9.794920756158106,52554,1284,26,139199,3511,129968,4193,ELKHART,18.20681995478045,777,HEARTLAND TRI-STATE BANK,1166,632,130992,8207,25851_20221231,HTLF,False,,2022-12-31,4,0.5833435922688662,15.961008894845863,4193,6.655555555555556,0.41463283269727935,0.28416225532438755,0.005581936651843763,0.9347993352209775,0.018683419830647363,2022-02-25,2022.0,100000.0,0.0,24.124819719417857,0.19666972597351515,0.888425,0.040249999999999994,15254.0,,,,,0.0,0.0,,,False,False,0.15628788775434455,0.7257211065201863,-0.3430473952213082,-0.25216839881529585,0.024677451043098708
Heartland BancCorp,2023,0,3.52717763526555,17.65720753050295,95430,1044,SM,298.36,10,1513,2.1006697787700426,0.0,48226,17.65720753050295,,0.8613109870982791,0.0,130110,14.54,49270,300,8294,37.06555991084467,-0.06142918846283054,34772,16950,9170,4,25851,KS,380,122588,93224,20230331,9.076203787131698,55612,363,25,139446,915,130110,1133,ELKHART,18.909070833103296,881,HEARTLAND TRI-STATE BANK,2366,155,131152,8294,25851_20230331,HTLF,False,,2023-03-31,1,0.6281761586350012,15.81287677839402,1133,2.981578947368421,0.3706555991084467,0.26725078779494277,0.006317857808757512,0.9421873799093075,0.02118936472498478,2023-02-24,2023.0,100000.0,0.0,24.370965617178236,0.1976024239230668,0.94812,0.0393,15182.0,,,,,0.0,0.0,,,False,False,0.07685447643602705,-0.009280874249727233,-0.5520165187593358,-0.1060630758609995,-0.059513419578329896
Huntington Bancshares,2018,216651,3.4660449387460504,11.213170284735867,55207447,771875,N,1566745.7,229759,3976310,0.7067395938331378,0.0,74874375,10.187390951083298,0.0,1.4543506645407087,0.0,87332660,13.79,75646250,1535354,11109746,85.73467818339668,0.19840939133072755,59330818,0,2592121,1006,6560,OH,654536,82660542,62973787,20181231,9.22729003762937,22348994,1853268,14802,108672320,2470807,87332660,3321774,COLUMBUS,13.421392838171018,171927,THE HUNTINGTON NATIONAL BANK,457743,1232060,97179002,11493318,6560_20181231,HBAN,False,,2018-12-31,4,0.2855874881172748,8.747184859131792,3321774,5.075005805639415,0.8573467818339668,0.6793657493084488,0.0015820680003886915,0.9465020531837688,0.010203744402399326,,,,,,,,,,,,,,,,,-0.5498461028214855,False,False,,,,,
Huntington Bancshares,2019,441364,3.4256908412816096,12.166684385605983,54351534,782852,N,1626629.88,277547,4219747,0.8424462362399523,0.0,75435543,11.165222764983186,0.0,1.4676939115731618,,85669173,13.3,76218395,1592424,12449178,88.054477892532,0.35146561729355236,66108186,0,1242946,915,6560,OH,841397,82152849,62105260,20191231,10.005850911487563,23218609,1936481,14506,108739378,2527177,85669173,3378350,COLUMBUS,13.590165664503237,174328,THE HUNTINGTON NATIONAL BANK,432525,1362855,95906628,12832750,6560_20191231,HBAN,False,,2019-12-31,4,0.28553508973408676,7.703852254341612,3378350,4.015167631926428,0.8805447789253201,0.7716683106068971,0.0016031726795420883,0.9589546171993513,0.010271168790683667,,,,,,,,,,,,,,,,,-0.5498461028214855,False,False,-0.00018347576616006833,-0.11927638681386421,-0.20883486922030325,0.02705789253880453,0.1358657856867327
Huntington Bancshares,2020,1043976,3.165034378392366,11.965263094024957,59435001,1814252,N,990640.48,1089163,3663229,0.8533579479567519,0.0,81013476,10.652000611096936,0.0,0.8394753563439349,,103619960,7.98,82827728,980069,12125075,78.18327279802077,0.5596132529556526,84784825,0,6558425,884,6560,OH,303874,99266746,70396991,20201231,8.935959371702555,25345968,1185211,14606,122837617,2530087,103619960,3359355,COLUMBUS,13.579842731025431,174760,THE HUNTINGTON NATIONAL BANK,391401,1445106,110328974,12508643,6560_20201231,HBAN,False,,2020-12-31,4,0.307898140474094,9.09924054078016,3359355,11.05509191309556,0.7818327279802076,0.818228698409071,0.0014226912265808609,0.9579886539234332,0.021903920870556776,,,,,,,,,,,,,,,,,-0.5498461028214855,False,False,0.07831979866584349,0.18112864062938883,1.753332594433041,-0.11210338566266642,0.06033730705561213
Huntington Bancshares,2021,578299,3.0120084790750368,11.06078406413199,90413245,2030159,N,1494526.54,24529,4223459,0.8165954422197674,0.0,111482598,10.153797649838896,0.0,0.96848194926834,,146382512,9.2,113512757,1491415,18892169,76.15841296670739,0.2135575870406187,103946372,0,5477629,1148,6560,OH,21479,144640777,100029864,20211231,8.598914863908073,40911244,1836092,19232,173414362,4017777,146382512,4201980,COLUMBUS,12.578523445284942,211020,THE HUNTINGTON NATIONAL BANK,593274,1676418,154117699,19296663,6560_20211231,HBAN,False,,2021-12-31,4,0.3169017416506693,8.157755681732468,4201980,195.6320126635318,0.7615841296670739,0.7101010262755977,0.0012168542303318567,0.9881014816851893,0.017884853241649307,,,,,,,,,,,,,,,,,-0.5498461028214855,False,False,0.029242142101643775,-0.10346850979795841,16.69610005971922,-0.025898888072189208,-0.1321484718682101
Huntington Bancshares,2022,512535,3.376988140536242,10.831454210569422,100957078,2121123,N,2441005.98,289139,6001098,0.6410317437097973,0.0,118569780,9.982736216300331,0.0,1.3596998652716838,,151757446,13.71,120690903,2418324,16962145,78.13111193239243,0.10370679391840756,84895501,0,6481896,1090,6560,OH,594492,144992110,109714003,20221231,8.54146821977003,40474513,2991557,18968,182325674,3899025,151757446,5406606,COLUMBUS,12.46512640465361,205885,THE HUNTINGTON NATIONAL BANK,576444,1773115,164941991,17383683,6560_20221231,HBAN,False,,2022-12-31,4,0.3094174963909184,9.724123393592025,5406606,9.094497486930017,0.7813111193239243,0.5594157205307738,0.0011292156254417577,0.9554200721063796,0.017574837434102222,,,,,,,,,,,,,,,,,-0.5498461028214855,False,False,-0.02361692687697814,0.19200963757312572,-0.9535122224470917,0.025902574500172415,-0.2122026305681486
Huntington Bancshares,2023,383951,3.359673999152156,11.468355259927385,106353198,2255046,N,2238994.24,402443,8920788,0.7010204703963469,0.0,120161636,10.595667670969263,0.0,1.173130378877103,,155523945,12.56,122416682,2191214,17959681,77.26246656101733,0.22529297984961988,49973252,0,10612429,1056,6560,OH,3278163,146655662,120266162,20231231,8.509095463711985,41056107,2716941,18595,188730743,4177040,155523945,5642625,COLUMBUS,13.091135720990032,186242,THE HUNTINGTON NATIONAL BANK,636961,1653799,170342722,18388021,6560_20231231,HBAN,False,,2023-12-31,4,0.33222238543396004,9.484729823430605,5642625,1.7212765198069773,0.7726246656101734,0.3213219160560774,0.0009868132612607793,0.9429780218087961,0.018421067808389056,2023-02-17,2023.0,0.0,0.0,,,,,0.0,,,,,0.0,,,-0.5498461028214855,False,False,0.07370264871586274,-0.02461852451596558,-0.8107342904563252,-0.011117790978409925,-0.4256115724613404
KeyCorp,2018,517405,3.292240254615433,11.157708224988248,62831246,897532,N,2039891.84,240154,4842859,0.7908916302210568,0.0,90940461,11.157708224988248,483.0,1.501088093361363,,110823095,13.45,91837993,2046558,15554378,82.05876641160242,0.2682848481014359,51154489,14837,3295262,1192,17534,OH,806063,105976731,81460961,20181231,9.92661395285534,30936413,2449812,17737,137976503,3530341,110823578,4036796,CLEVELAND,12.684314731058194,136427,KEYBANK NATIONAL ASSOCIATION,348711,2183511,122420537,15555966,17534_20181231,KEY,False,,2018-12-31,4,0.3090182848996267,7.8704874601864505,4036796,5.008040314466736,0.8205876641160241,0.46158488945375864,0.000988769805247202,0.956265200172476,0.009772992317025046,2018-02-26,2018.0,47598.0,0.0,58.61828332170272,0.2791346824842987,0.20697000000000002,0.0931,7165.0,,,,,0.0,,,-0.6523276465569435,True,True,,,,,
KeyCorp,2019,757437,3.182533846727411,10.9585294736161,63869457,909944,N,1871135.48,434757,5203391,0.8513806676858112,0.0,95935337,10.9585294736161,107.0,1.3379051099768766,,115815086,11.62,96845281,1898433,16969468,82.83484620191412,0.4520320470281664,54830498,5481,1995549,1132,17534,OH,1145709,112403390,86950438,20191231,9.909317027481764,31899279,2232973,16578,143390269,3346363,115815193,4057682,CLEVELAND,12.686650577252829,116038,KEYBANK NATIONAL ASSOCIATION,414661,1956411,126420615,16969654,17534_20191231,KEY,False,,2019-12-31,4,0.2927103786806278,7.449886761329229,4057682,3.541634044945095,0.8283484620191411,0.473430959960495,0.000809245988652131,0.9705409721158087,0.009395852751978694,2019-02-25,2019.0,50658.0,0.0,58.33661805281829,0.2627775587964788,0.4498454545454545,0.09563636363636364,7611.0,,,,,0.0,0.06428841547964192,,-0.6523276465569435,True,True,-0.05277327270228005,-0.05344023492634564,-0.2928103963711375,0.009457609762483221,0.02566390446783262
KeyCorp,2020,1675511,2.8477256535081286,11.064970642751224,71462833,1662780,N,1404732.3,1021324,4664724,0.8877527342014585,0.0,101815696,11.064970642751224,0.0,0.8819867366382947,,139219587,8.18,103478476,1422005,17645350,73.1331691136248,0.4262388679185345,70804577,505775,16767975,1106,17534,OH,516615,137486256,96005906,20201231,8.804947481205133,35139938,1649735,17345,168974607,3593151,139219587,4148109,CLEVELAND,13.086962792044716,93398,KEYBANK NATIONAL ASSOCIATION,257023,2116101,151329099,17645508,17534_20201231,KEY,False,,2020-12-31,4,0.37648213968627847,8.576146066810804,4148109,8.029401004616592,0.731331691136248,0.5085820072142578,0.0005527339383011555,0.9875496613849314,0.01606884894593925,2020-02-26,2020.0,53772.0,0.0,57.43411238189955,0.24863252113376427,0.01673636363636364,0.09300000000000001,8044.0,,,,,0.0,0.06147104109913548,,-0.6523276465569435,True,True,0.286193340267763,0.151178043581514,1.2671458718544901,-0.11712072313916044,0.07424746209393662
KeyCorp,2021,1904650,2.5520058430044874,10.74545027323104,75065783,1088916,N,2588893.4,-417632,4348388,0.5301954469587484,0.0,104062119,10.74545027323104,0.0,1.4578647805129892,,155074869,14.98,105151035,2596619,17019361,67.1044377925607,0.18035932082860243,84371425,511129,11383661,1032,17534,OH,211156,153577618,102997626,20211231,8.365434145090354,52903764,3229855,17297,183977708,3799785,155074869,4137232,CLEVELAND,12.212590192100103,78214,KEYBANK NATIONAL ASSOCIATION,178173,2474776,166958118,17019590,17534_20211231,KEY,False,,2021-12-31,4,0.4178533531438934,9.809893450171248,4137232,19.59324859345697,0.671044377925607,0.5440689748382118,0.00042512759208849366,0.9903449797529734,0.010355732589793339,2021-02-22,2021.0,62524.0,0.0,57.569296375266525,0.31982942430703626,0.23794615384615386,0.09653846153846153,9380.0,,,,,0.0,0.16276128840288617,,-0.6523276465569435,True,True,0.10988891396571798,0.14385801894570993,1.4401880765690516,-0.08243497983380754,0.06977629393208917
KeyCorp,2022,940703,2.78769901345687,10.459861863607083,75568635,1357948,N,2121742.44,501669,5376042,0.3941720820767663,0.0,119433458,10.459861863607083,0.0,1.152975638492099,,145991717,14.82,120791406,2128486,13033463,81.80837958087717,0.14531124118961952,75761705,8270,3394921,1008,17534,OH,721472,141586218,105059472,20221231,8.77677230597296,47826631,2615805,18496,187590465,3823838,145991717,4654570,CLEVELAND,12.390764406898633,69843,KEYBANK NATIONAL ASSOCIATION,190703,2286742,174556814,13033651,17534_20221231,KEY,False,,2022-12-31,4,0.3509090998635217,13.392972688839489,4654570,6.451490840947397,0.8180837958087718,0.5189452289269261,0.00037231636480031114,0.9698236373232051,0.011242091179897351,2022-02-22,2022.0,63774.0,0.0,55.070940620073564,0.21019442984760903,0.25123076923076926,0.09084615384615385,9515.0,,,,,0.0,0.019992322947987917,,-0.6523276465569435,True,True,-0.16020992239667042,0.365251595939168,-0.6707288834633667,0.21912025898749987,-0.046177501517627784
KeyCorp,2023,166206,2.425292331620196,11.944102444012815,84215587,1524738,N,1291258.66,488579,7855915,0.6095517496827421,0.0,111902711,11.944102444012815,0.0,0.6819597770301494,,148528430,9.36,113427449,1291667,14788518,75.34093708524354,0.2084234098259741,71002647,7355,11818755,986,17534,OH,3690977,140824309,117727660,20231231,9.21957424790618,45760749,1591924,17857,185890386,4128647,148528430,4164938,CLEVELAND,14.15699209124514,114964,KEYBANK NATIONAL ASSOCIATION,231069,2044212,171101721,14788665,17534_20231231,KEY,False,,2023-12-31,4,0.38771606890344157,11.569903150538817,4164938,1.1284107161870691,0.7534093708524354,0.4780407831685826,0.000618450488343168,0.9481303276416508,0.013442407578081034,2023-02-22,2023.0,70291.0,0.0,55.907780979827095,0.19212295869356388,0.13833333333333334,0.1002,10410.0,,,,,0.0,0.1021889798350426,,-0.6523276465569435,True,True,0.10489032360299322,-0.13612135114856583,-0.8250930298117942,-0.07905599070373726,-0.07882227926620611
M&T Bank,2018,0,4.272967787387765,11.152526933194522,79712,1918,NM,2265.1,283,5586,0.06876167409019068,0.0,95520,11.152526933194522,,2.036987451007172,0.0,101553,19.75,97438,2267,11845,94.05925969690703,0.08503618289582217,21991,3600,2750,2,501,SD,1025,82416,83178,20181231,10.630587526470144,7285,2372,16,113858,2359,101553,4561,PLANKINTON,12.40832489008282,46,FARMERS AND MERCHANTS STATE BANK,779,453,102012,11845,501_20181231,MTB,False,,2018-12-31,4,0.13426486662137013,8.612241452089489,4561,4.449756097560976,0.9405925969690704,0.216547024706311,0.0004040120149660103,0.8115565271336149,0.019684312075371004,,,,,,,,,,,,,,,,,-0.5297478022752728,False,False,,,,,
M&T Bank,2019,0,4.269351941819038,11.8395045460535,75316,1485,NM,2017.0,686,6044,2.9026179283514346,0.0,97219,11.8395045460535,,1.7764789605704463,0.0,99739,16.42,98704,2017,12595,97.47340558858622,1.1577834293152007,24632,100,3597,2,501,SD,1404,78446,80519,20191231,10.99793663006225,6948,2118,15,113017,2366,99739,4640,PLANKINTON,13.09131637896956,9,FARMERS AND MERCHANTS STATE BANK,1306,530,100422,12595,501_20191231,MTB,False,,2019-12-31,4,0.1067285615456341,7.97316395394998,4640,3.304843304843305,0.9747340558858621,0.2469645775473987,7.963403735721174e-05,0.786512798403834,0.015044982979413195,,,,,,,,,,,,,,,,,-0.5297478022752728,False,False,-0.20508943082920572,-0.07420571075424931,-0.2572978760218402,0.036297818021115535,0.140466270004592
M&T Bank,2020,0,4.565411386757094,11.893652449177509,86063,1777,NM,2623.0,430,6028,2.002054383006764,0.0,101417,11.893652449177509,,2.239686597571951,0.0,105823,20.18,103194,2623,13090,95.83644387326007,0.1361473074403517,19863,2000,6570,2,501,SD,912,86482,77073,20201231,10.678758306841798,4807,2752,15,119665,2444,105823,5116,PLANKINTON,13.147975334394612,148,FARMERS AND MERCHANTS STATE BANK,281,510,106575,13090,501_20201231,MTB,False,,2020-12-31,4,0.12640919270857942,8.141711229946525,5116,5.609649122807017,0.9583644387326007,0.1877002163990815,0.0012367860276605524,0.8172325486897933,0.017219993410469602,2020-02-20,2020.0,0.0,0.0,,,,,0.0,,,,,0.0,,,-0.5297478022752728,False,False,0.18439891700901856,0.02113932147513964,0.6974024500907441,-0.016793931692870134,-0.23997109924374838
M&T Bank,2021,0,4.463866551873949,12.918138520472361,95598,1642,NM,3095.0,105,6195,1.8452745458256787,0.0,96338,12.918138520472361,,2.370176365627465,0.0,122839,22.81,97980,3095,13600,78.42623271110966,0.238298075147298,27299,0,11274,2,501,SD,585,95772,91193,20211231,10.219053447271602,24446,3243,16,136964,2779,122839,5610,PLANKINTON,14.170806498215136,472,FARMERS AND MERCHANTS STATE BANK,372,517,123364,13600,501_20211231,MTB,False,,2021-12-31,4,0.290787127866557,9.070882352941176,5610,9.58974358974359,0.7842623271110967,0.2222339810646456,0.0034461610350165007,0.7796546699338158,0.016758522147377015,2021-02-22,2021.0,0.0,0.0,,,,,0.0,,,,,0.0,,,-0.5297478022752728,False,False,1.3003637760501356,0.1141247947454842,0.7095086305406868,-0.18166587217253927,0.18398361668448815
M&T Bank,2022,0,3.925087702278538,12.726021839222396,93354,1542,NM,2488.3,25,5640,0.6775400386885182,0.0,100297,12.726021839222396,,1.867409437381134,0.0,120032,20.35,101839,2494,11639,83.55855105305253,0.1289971042730033,26800,0,4247,2,501,SD,623,98363,90878,20221231,10.767003477560037,25021,2614,16,135991,2972,120032,5017,PLANKINTON,13.976749519290138,0,FARMERS AND MERCHANTS STATE BANK,1041,594,124352,11639,501_20221231,MTB,False,,2022-12-31,4,0.24383497733937617,10.684079388263596,5017,8.052969502407704,0.8355855105305252,0.22327379365502534,0.0,0.8194731404958677,0.015141546951560798,2022-02-16,2022.0,0.0,0.0,,,,,0.0,,,,,0.0,,,-0.5297478022752728,False,False,-0.16146571160717715,0.17784345255005451,-0.16025184333181697,0.06544134742323049,0.004678909073213555
M&T Bank,2023,0,4.461901420777126,12.34835457350828,100207,1680,NM,3512.6,0,8091,0.6195472404770864,0.0,112597,12.34835457350828,,2.167271569292271,0.0,126666,24.56,114277,3049,13609,88.89283627808567,-0.1325302130471193,26941,0,6135,2,501,SD,2126,93103,101259,20231231,10.753114615100584,25273,3687,15,151570,2911,126666,5965,PLANKINTON,13.599208499210855,3,FARMERS AND MERCHANTS STATE BANK,1401,633,137961,13609,501_20231231,MTB,False,,2023-12-31,4,0.24795919978526204,10.137482548313615,5965,2.805738476011289,0.8889283627808567,0.21269322470118263,1.9792834993732268e-05,0.7350275527765936,0.014701120960473235,2023-02-22,2023.0,0.0,0.0,,,,,0.0,,,,,0.0,,,-0.5297478022752728,False,False,0.01691399031790941,-0.05115993808043162,-0.6515895813125308,0.06383889090712369,-0.047388315398046554
PacWest Bancorp,2018,0,4.882205139687041,11.518975513238777,237103,3905,SB,2711.0,1330,17997,1.5412366933601997,0.0,266073,11.518975513238777,,0.9488489562661483,0.0,253435,9.68,269978,2711,28335,104.98668297591098,0.3454672651097713,16334,0,21720,3,27417,RI,4652,235569,241877,20181231,9.423871458818759,1664,2711,130,302006,15356,253435,13345,WARWICK,12.775613184741582,0,"HOME LOAN INVESTMENT BANK, F.S.B.",1965,6052,273671,28335,27417_20181231,PACW,False,,2018-12-31,4,0.09226823445853967,9.658408328921828,13345,2.86865864144454,1.0498668297591098,0.06445045080592657,0.0,0.9295046067038886,0.014464141522642585,2018-03-01,2018.0,0.0,52655.0,,,,,0.0,12.669233635573221,0.12420817289777666,0.983609090909091,0.02681818181818182,8051.0,,0.18376385422989583,,False,False,,,,,
PacWest Bancorp,2019,0,4.625383046539514,11.866018250368832,297475,4826,SB,4622.0,2435,21072,1.4997476871320436,0.0,292424,11.866018250368832,,1.4214138362427928,0.0,311074,15.58,297250,4622,32585,94.0046419822936,0.5220236034661816,13601,0,38903,3,27417,RI,6630,269923,303945,20191231,9.66742445377004,1340,4622,131,346188,15370,311074,14442,WARWICK,13.124237291222702,0,"HOME LOAN INVESTMENT BANK, F.S.B.",3128,7985,313603,32585,27417_20191231,PACW,False,,2019-12-31,4,0.129367931746144,9.624152217277889,14442,2.178280542986425,0.940046419822936,0.043722715495348376,0.0,0.8677131486398735,0.016235492010092514,2019-02-27,2019.0,0.0,48322.0,,,,,0.0,13.165188470066518,0.1385809312638581,0.97698,0.027100000000000003,7216.0,,-0.08229038078055262,,False,False,0.4020852626618201,-0.003546765727574397,-0.24066233900540657,-0.1046041334226856,-0.32160729756559225
PacWest Bancorp,2020,0,4.303480612154355,13.124751751361194,316343,7911,SB,5763.0,4725,21197,1.994798160150261,0.0,299288,13.124751751361194,,1.6098242014987034,0.0,336201,17.05,307199,5763,37362,89.02055615539514,0.5287000297877333,19881,0,60927,2,27417,RI,6453,274435,326655,20201231,9.990902523211945,1052,5763,104,377077,15220,336201,14744,WARWICK,14.395433279553451,0,"HOME LOAN INVESTMENT BANK, F.S.B.",2823,10964,339715,37362,27417_20201231,PACW,False,,2020-12-31,4,0.18435102810521087,9.092527166639902,14744,2.2848287618162093,0.8902055615539514,0.05913426789331382,0.0,0.8162825214678124,0.02575203695324529,2020-02-28,2020.0,0.0,48158.0,,,,,0.0,13.320382961010129,0.13875398917718884,0.9766600000000001,0.0304,7207.0,,-0.003393899259136579,,False,False,0.42501333689835175,-0.0552386369870147,0.04891391018151703,-0.053019571393477016,0.35248387990917607
PacWest Bancorp,2021,0,4.357194047882357,14.843692045805042,273678,7501,SB,15256.0,740,20296,1.2741119825576113,0.0,256683,14.843692045805042,,4.204404151931778,0.0,298822,39.58,264184,15256,38033,85.89829396764628,0.40091254668016524,25198,0,65667,3,27417,RI,5206,239719,285934,20211231,10.869465775434705,808,15256,100,339245,17226,298822,15090,WARWICK,16.11648817588012,0,"HOME LOAN INVESTMENT BANK, F.S.B.",1828,18132,301212,38033,27417_20211231,PACW,False,,2021-12-31,4,0.2224568472200842,7.919753897930744,15090,2.898578563196312,0.8589829396764629,0.08432444732984853,0.0,0.8022133577849021,0.028393089664779093,2021-02-26,2021.0,0.0,57326.0,,,,,0.0,12.80093951849677,0.11743981209630065,0.9924333333333334,0.02591666666666667,8515.0,,0.19037335437518177,,False,False,0.20670250394874912,-0.128982102248978,0.26861960582649225,-0.03507349675841831,0.4259827733384842
PacWest Bancorp,2022,0,5.282947489417737,15.836462811602575,295232,6353,SB,8579.0,-400,22451,1.2240453686200379,0.0,324272,15.836462811602575,,2.478879392794462,0.0,324741,20.05,330625,8579,46209,99.85557721384119,0.26155236222344685,29614,0,29700,4,27417,RI,5023,242455,318248,20221231,12.696622172087485,11386,8579,95,379838,18758,324741,17428,WARWICK,17.098676273173716,0,"HOME LOAN INVESTMENT BANK, F.S.B.",2714,9509,333629,46209,27417_20221231,PACW,False,,2022-12-31,4,0.12651928767848838,7.220000432816118,17428,3.4696396575751542,0.9985557721384118,0.09119267354599511,0.0,0.7466103756532129,0.019215122873345935,2022-02-28,2022.0,0.0,58049.0,,,,,0.0,11.965613382899628,0.11617100371747212,0.9942833333333333,0.024333333333333335,8608.0,,0.012612078289083506,,False,False,-0.4312636843525949,-0.08835545575443404,0.19701418537682258,0.16248615195375038,0.08144999977622636
PacWest Bancorp,2023,0,5.517367105982777,14.910404085154008,307838,7495,SB,6403.0,1415,30994,1.1822079343290588,0.0,358938,14.910404085154008,,1.636828984475816,0.0,341636,13.0,366433,6403,50847,105.0644545656781,0.22799615857442526,34027,0,28711,4,27417,RI,10414,242144,336305,20231231,12.608538127290608,12658,6403,106,416722,20961,341636,20580,WARWICK,16.171858605171728,0,"HOME LOAN INVESTMENT BANK, F.S.B.",1701,8199,365875,50847,27417_20231231,PACW,False,,2023-12-31,4,0.12109086864381974,7.195606427124511,20580,1.9761859035913194,1.050644545656781,0.0996001592338044,0.0,0.7087777634675503,0.02045394383147806,2023-02-27,2023.0,0.0,57604.0,,,,,0.0,12.1765601217656,0.11708230886313079,0.9792333333333333,0.024000000000000004,8541.0,,-0.007665937397715705,,False,False,-0.04290586150361031,-0.0033786709458814013,-0.4304348293700254,0.05216411037995483,0.09219474943421613
Prosperity Bancshares,2018,0,3.593521685819441,14.71496255540272,296014,3066,SI,1765.87,-250,16144,0.3903304156069755,0.0,381480,14.71496255540272,,0.3968580854601119,0.0,345752,3.93,384546,1744,45533,110.33341817256299,0.01724007144285606,49778,25,15913,8,16101,CT,1590,337456,277527,20181231,10.939293058979924,19102,2179,86,441881,14725,345752,14554,MILFORD,15.682714351215038,0,THE MILFORD BANK,1756,2100,396348,45533,16101_20181231,PB,False,,2018-12-31,4,0.10134431615724565,8.7046318055037,14554,9.153459119496855,1.10333418172563,0.14397024456836113,0.0,0.9760059233207617,0.007973038336115835,,,,,,,,,,,,,,,,,-0.4223618701483162,False,False,,,,,
Prosperity Bancshares,2019,0,3.54630858327137,14.901390518887705,303921,3092,SI,1252.0,51,17180,0.3239625030634752,0.0,388620,14.901390518887705,,0.27977378546445575,0.0,360615,2.69,391712,1252,47704,107.76589992096834,0.006473349994873107,56715,25,14524,8,16101,CT,2519,347032,286310,20191231,10.908295843796171,20543,1532,84,449718,15382,360615,14661,MILFORD,15.864405552421266,0,THE MILFORD BANK,1658,2304,402014,47704,16101_20191231,PB,False,,2019-12-31,4,0.09731153723500131,8.427259768572865,14661,5.820166732830488,1.0776589992096834,0.15727299197204775,0.0,0.9623337908850159,0.007893554448166,,,,,,,,,,,,,,,,,-0.4223618701483162,False,False,-0.03979284754348811,-0.03186487873679622,-0.36415658202552725,-0.023270540278005458,0.09239928322390312
Prosperity Bancshares,2020,0,3.5179130225467383,15.405626461091476,349765,4331,SI,1040.41,1250,17021,0.3751039928384815,0.0,406755,15.405626461091476,,0.22990968317768207,0.0,420366,2.24,411086,1086,48983,96.76210730649007,0.0026998463051130673,70612,25,37501,8,16101,CT,1588,413108,322269,20201231,10.362786840149614,12490,1071,81,482224,15322,420366,15433,MILFORD,16.656595435596003,0,THE MILFORD BANK,436,2210,433241,48983,16101_20201231,PB,False,,2020-12-31,4,0.11898202994533336,8.844721638119347,15433,9.718513853904282,0.9676210730649006,0.16797742919265593,0.0,0.982734093623176,0.010535508385106767,,,,,,,,,,,,,,,,,-0.4223618701483162,False,False,0.2226919163551917,0.0495370833474591,0.6697999043711129,-0.1021082979175052,0.06806278106867003
Prosperity Bancshares,2021,0,3.3517758373072084,15.43043423403862,385455,4203,SI,2109.0,-120,16974,0.4459665336237614,0.0,392912,15.43043423403862,,0.40574093604761,0.0,478333,4.23,397115,2109,50660,82.14193877487023,0.0019827196072629,92888,25,24589,8,16101,CT,656,467465,358561,20211231,9.640471354300338,99559,2619,80,542721,16163,478333,16318,MILFORD,16.68040855968334,0,THE MILFORD BANK,283,2344,492061,50660,16101_20211231,PB,False,,2021-12-31,4,0.25959530285386956,9.713008290564549,16318,24.875,0.8214193877487023,0.19419107609134223,0.0,0.9772794266755587,0.010583835916548103,,,,,,,,,,,,,,,,,-0.4223618701483162,False,False,1.1818026047558727,0.09817003722344686,1.559547722413011,-0.15109394512576135,0.15605457843161452
Prosperity Bancshares,2022,0,3.289681559127802,15.321032276520716,411278,4214,SI,3111.0,20,18062,0.5140217164585247,0.0,412889,15.321032276520716,,0.5545507924675211,0.0,503886,7.02,417103,3111,41458,81.94095489852864,0.0022163011411488317,92628,0,19666,8,16101,CT,675,502763,352379,20221231,9.854166334945058,100870,3559,76,559839,16915,503886,17387,MILFORD,16.507677157773706,0,THE MILFORD BANK,1388,3107,518381,41458,16101_20221231,PB,False,,2022-12-31,4,0.23921283782442854,12.503762844324376,17387,25.758518518518517,0.8194095489852864,0.1838272942689418,0.0,0.9977713212909269,0.010103020117333128,,,,,,,,,,,,,,,,,-0.4223618701483162,False,False,-0.07851630906016294,0.2873213396173906,0.03551833240275437,-0.0024467875891319713,-0.053368991155523515
Prosperity Bancshares,2023,0,3.3170274821352916,14.746527262207703,423727,4145,SI,1970.0,-150,21680,0.20947358280479525,0.0,442212,14.746527262207703,,0.3442713767185171,0.0,505474,4.6,446357,1970,45537,87.48461839778109,0.0009271217412829696,81853,0,15581,7,16101,CT,3845,483473,363185,20231231,9.622931183395673,100184,2448,78,586383,18200,505474,17835,MILFORD,15.83327786510468,0,THE MILFORD BANK,1303,2663,540846,45537,16101_20231231,PB,False,,2023-12-31,4,0.22902265991920454,11.877067000461164,17835,4.638491547464239,0.8748461839778109,0.16193315581019005,0.0,0.9564745169880152,0.00928628877781686,,,,,,,,,,,,,,,,,-0.4223618701483162,False,False,-0.04259879192898142,-0.05012057983390794,-0.8199239779985988,0.06765436778369782,-0.1191016739153018
Regions Financial,2018,53840,3.5820699552315385,11.59270035135966,63930455,839594,SM,1732395.6,229000,4321604,0.8784180432653705,0.0,82616342,11.59270035135966,0.0,1.4058151609614022,,96461044,10.93,83455936,1736099,15434876,85.64736454645877,0.397190560424343,34833217,0,3467026,1465,12368,AL,478939,94044559,59462506,20181231,10.118495911835684,24619079,2177828,19906,124716588,3448198,96461044,3842665,BIRMINGHAM,12.918997358342803,227705,REGIONS BANK,450196,2012361,109281712,15434876,12368_20181231,RF,False,,2018-12-31,4,0.2911652604547801,7.080180754286591,3842665,8.023286890397316,0.8564736454645877,0.36111175616137847,0.001825779582744839,0.9749485916822547,0.010060326925097335,2018-02-26,2018.0,0.0,0.0,,,,,0.0,,,,,0.0,,,-0.6073027894216773,True,True,,,,,
Regions Financial,2019,108000,3.5303438041360677,11.582601437866343,64784000,869000,SM,1794480.0,387000,4582000,0.8899521531100478,0.0,82731000,11.582601437866343,0.0,1.4102074955133914,,99836000,11.0,83600000,1785000,16421000,82.86690171881887,0.42700591922761755,37696000,0,4460000,1439,12368,AL,699000,98071000,63387000,20191231,10.242302756833373,24264000,2263000,19496,125641000,3342000,99836000,3883000,BIRMINGHAM,12.91898249141643,224000,REGIONS BANK,361000,2109000,109220000,16421000,12368_20191231,RF,False,,2019-12-31,4,0.28771184742978484,6.651239266792522,3883000,5.555078683834049,0.8286690171881886,0.37757922993709686,0.0017828575067056136,0.982321006450579,0.010394736842105264,2019-02-22,2019.0,0.0,0.0,,,,,0.0,,,,,0.0,,,-0.6073027894216773,True,True,-0.01186066297744881,-0.060583409150165135,-0.3076305559405268,-0.03246407922022709,0.04560215361241027
Regions Financial,2020,854000,3.2679362711352016,12.168398934373945,76253000,2167000,SM,1171720.0,1330000,4253000,1.1151392776834472,0.0,84997000,12.168398934373945,0.0,0.8552992464705373,,124229000,6.7,87164000,1185000,18354000,68.41961216785131,0.5809335784146867,50631000,0,18037000,1380,12368,AL,275000,123522000,71215000,20201231,9.300991618209064,28536000,1409000,19333,146476000,3453000,124229000,3978000,BIRMINGHAM,13.885970507673258,221000,REGIONS BANK,338000,2214000,128122000,18354000,12368_20201231,RF,False,,2020-12-31,4,0.37489636075312527,6.980603683120846,3978000,14.465454545454545,0.6841961216785131,0.4075618414379895,0.0015087795952920615,0.9943088972784132,0.02486118122160525,2020-02-21,2020.0,0.0,0.0,,,,,0.0,,,,,0.0,,,-0.6073027894216773,True,True,0.30302719231823616,0.04951925545254898,1.604005337953316,-0.17434330536442166,0.07940747033645801
Regions Financial,2021,13000,2.895619466129255,11.045116974852398,87762000,1479000,SM,2604620.0,-524000,4079000,0.7355757316331358,0.0,87295000,11.045116974852398,0.0,1.6998026621165718,,141129000,14.45,88774000,2622000,17700000,61.85475699537303,0.23631898429173812,56234000,0,29782000,1312,12368,AL,99000,138703000,80728000,20211231,8.09093384860785,29647000,3319000,19539,162193000,3548000,141129000,3980000,BIRMINGHAM,12.379064024147363,189000,REGIONS BANK,287000,2363000,144493000,17700000,12368_20211231,RF,False,,2021-12-31,4,0.42109701053645954,8.163446327683616,3980000,40.2020202020202,0.6185475699537303,0.3984581482190053,0.0011652784028903837,0.9828100532137265,0.016660283416315588,2021-02-24,2021.0,0.0,0.0,,,,,0.0,,,,,0.0,,,-0.6073027894216773,True,True,0.12323579159456832,0.16944704186872728,1.7791743478017987,-0.09594990331679987,-0.022336961642100417
Regions Financial,2022,16000,3.4634191477398093,10.773500490465823,87273000,1464000,SM,2414970.0,271000,5097000,0.7303768991340257,0.0,95883000,10.773500490465823,0.0,1.4952817924792539,,133792000,14.83,97347000,2381000,15134000,71.66571992346329,0.2824258122158292,49661000,0,12071000,1297,12368,AL,231000,131766000,80421000,20221231,8.79767114723351,29057000,3089000,19971,154203000,3887000,133792000,4866000,BIRMINGHAM,12.099751975819636,208000,REGIONS BANK,331000,2381000,139065000,15138000,12368_20221231,RF,False,,2022-12-31,4,0.3074025352786415,9.188912382714419,4866000,21.064935064935064,0.7166571992346329,0.371180638603205,0.0013488712930358035,0.9848570916048792,0.015038984252211162,2022-02-24,2022.0,0.0,0.0,,,,,0.0,,,,,0.0,,,-0.6073027894216773,True,True,-0.269995921160723,0.12561680617085402,-0.47602297200287147,0.1586129087666477,-0.06845765292471251
Regions Financial,2023,17000,4.0935945250241845,11.215754103953602,85628000,1576000,SM,2232000.0,553000,6886000,1.0256981430104697,0.0,97186000,11.215754103953602,0.0,1.4645531155039002,,130154000,14.61,98762000,2244000,16336000,74.67000630022896,0.401971584557811,48150000,0,7735000,1282,12368,AL,1444000,125172000,85445000,20231231,9.436708100241658,29462000,2807000,19997,151314000,4238000,130154000,5442000,BIRMINGHAM,12.73990970905369,205000,REGIONS BANK,377000,2156000,134914000,16400000,12368_20231231,RF,False,,2023-12-31,4,0.28579221537563193,8.258692458374142,5442000,3.768698060941828,0.7467000630022896,0.3699463712217834,0.001354798630662067,0.9617222674677689,0.015957554525019745,2023-02-24,2023.0,0.0,0.0,,,,,0.0,,,,,0.0,,,-0.6073027894216773,True,True,-0.07029974519703008,-0.10123286473926396,-0.8210913990798269,0.041920828814308475,-0.003325247205959503
Signature Bank,2018,0,3.0167513878486103,12.111292113139296,6675916,230005,NM,501290.09,162524,1723291,0.3181901631583807,0.0,36678427,12.111292113139296,,1.1179818768541043,0.0,36382379,12.13,36908432,505342,4407139,100.8137125942204,0.3687990741641082,29880514,0,432784,33,57053,NY,410010,34552078,24340767,20181231,9.700320242494739,9032345,668353,1415,47364816,492873,36382379,1313281,NEW YORK,13.413045892143138,8755,SIGNATURE BANK,62766,10469,42957677,4407139,57053_20181231,SBNY,True,2023-03-12,2018-12-31,4,0.260156956750959,9.747293425508023,1313281,3.2030462671642157,1.008137125942204,0.8212908232306634,0.00018484184547449737,0.9496926520390544,0.006231773812553186,,,,,,,,,,,,,,,,,,False,True,,,,,
Signature Bank,2019,6503,2.839450534656141,11.618943283043699,7280305,249989,NM,584511.48,22636,1932346,0.15135703824567867,0.0,39150227,11.618943283043699,,1.2025566847717954,0.0,40386151,12.73,39400216,588926,4769823,96.93973312782394,0.006966176204257617,33291628,0,929294,33,57053,NY,600202,38204533,27354179,20191231,9.598228956064943,9063234,782048,1493,50621162,535407,40386151,1332144,NEW YORK,13.319073431063732,2300,SIGNATURE BANK,31447,7947,45851339,4769823,57053_20191231,SBNY,True,2023-03-12,2019-12-31,4,0.24742461840446245,9.612796743191518,1332144,2.219492770767175,0.9693973312782395,0.824332776847192,4.543554334054995e-05,0.9459810369153525,0.006344863693133053,,,,,,,,,,,,,,,,,,False,True,-0.04894098741585784,-0.01379836190880801,-0.30706815149061817,-0.03842710844296937,0.0037038689955923854
Signature Bank,2020,0,2.900414616928447,11.201745995819994,7841315,508299,NM,518717.84,248094,1966196,0.2556820091509704,0.0,48732162,9.873974002509458,,0.8756528126216804,0.0,63322534,10.48,49240461,528359,5826909,76.95864161089952,0.06346524011703326,55896521,0,12447947,37,57053,NY,412611,61698193,44511727,20201231,8.547889761891682,10957463,719988,1660,73888344,619735,63322534,1553585,NEW YORK,13.535154511287157,5727,SIGNATURE BANK,234978,34232,68061436,5826909,57053_20201231,SBNY,True,2023-03-12,2020-12-31,4,0.36962213167274705,11.68053868697795,1553585,3.765253471187147,0.7695864161089953,0.8827271662880706,7.750884226069541e-05,0.974348136478556,0.010322791250878012,,,,,,,,,,,,,,,,,,False,True,0.4938777477208416,0.21510305471203872,0.6964477293096452,-0.2061186973826049,0.07083836901914586
Signature Bank,2021,72363,2.1333780897031107,10.513674037976688,8874792,474389,NM,908965.74,50042,2191342,0.35783535221278573,0.0,64775173,9.597629950180151,,0.9512073518931302,0.0,106153818,13.18,65249562,918441,7840618,61.020106690839896,0.15015160724226947,97642322,0,29817539,37,57053,NY,309902,104737265,61719575,20211231,7.26922328278158,21918467,1235780,1880,118445427,703694,106153818,1881440,NEW YORK,11.756135627399388,15190,SIGNATURE BANK,97473,108076,110604809,7840618,57053_20211231,SBNY,True,2023-03-12,2021-12-31,4,0.4873683017223177,14.106644272173444,1881440,6.071080535136915,0.6102010669083989,0.9198192193143726,0.0001282447147579619,0.9866556566057756,0.007270378305374678,,,,,,,,,,,,,,,,,,False,True,0.3185582246298493,0.2077049398329751,0.6123962388175592,-0.20710520074723204,0.04201983856719482
Signature Bank,2022,60439,2.240050640516238,11.202379499976919,9520017,489862,NM,1333249.1,78770,3551682,0.31869477705020993,0.0,74388993,10.4137124165399,,1.1504625478122283,0.0,88612911,16.82,74878855,1337049,8013101,83.94825557643625,0.09292875923113715,79458961,0,6063510,40,57053,NY,1015192,83728789,57009769,20221231,8.786697754905383,26152793,1750594,2263,110363650,862375,88612911,2536490,NEW YORK,12.315872429961782,54674,SIGNATURE BANK,96386,155249,102350549,8013101,57053_20221231,SBNY,True,2023-03-12,2022-12-31,4,0.3635621788793283,12.772901402340992,2536490,2.4985322973388286,0.8394825557643626,0.8966973334167975,0.0004953986208321309,0.9448825013772542,0.006542060505599344,,,,,,,,,,,,,,,,,,False,True,-0.2540299038847402,-0.09454713992209851,-0.5884534420391309,0.37574744013088157,-0.025137424193865
Silicon Valley Bank,2018,104134,3.687054789765613,12.410195525392478,5910503,280903,SM,934187.68,84291,1969360,0.33914196627318244,0.0,28057377,12.410195525392478,4735285.0,1.7141985246062375,,45256654,22.72,28338280,933641,4554813,56.12380227940349,0.21800652523323813,39549780,115272,3408468,6,24735,CA,43884,45239580,6789042,20181231,8.103595548609906,23077746,1271087,2818,56139644,1111586,49991939,1925476,SANTA CLARA,13.315988071500815,1964,SILICON VALLEY BANK,138032,541488,51584831,4554813,24735_20181231,SIVB,True,2023-03-10,2018-12-31,4,0.5321155076621453,11.325345519124495,1925476,43.8764925713244,0.5612380227940349,0.7911231448734165,3.498419049468857e-05,0.9049374940227863,0.009912492924764664,2018-02-28,2018.0,0.0,0.0,,,,,0.0,,,,,0.0,,,,False,True,,,,,
Silicon Valley Bank,2019,167341,3.5307533970809213,11.12169412039643,6041321,304803,SM,1039702.95,94062,2305949,0.3108149815397325,0.0,32844500,11.12169412039643,6348604.0,1.6483889332453543,,56595148,21.47,33149303,1036618,5034095,52.18071525192842,0.23769890007237887,51103781,281123,6178789,6,24735,CA,181263,56569328,16322389,20191231,7.29631063463619,27752756,1425534,3140,69942929,1266253,62943752,2124686,SANTA CLARA,11.958635706364747,365,SILICON VALLEY BANK,77771,661163,64908834,5034095,24735_20191231,SIVB,True,2023-03-10,2019-12-31,4,0.5435435116737242,12.893843679946444,2124686,11.721564798111032,0.5218071525192842,0.8118960083599719,5.218540390265898e-06,0.8987282486751028,0.009194853961182834,2019-02-28,2019.0,0.0,0.0,,,,,0.0,,,,,0.0,,,,False,True,0.021476547567252702,0.13849450846098366,-0.7328509160330721,-0.07025694745065614,0.02625743365134281
Silicon Valley Bank,2020,284526,2.6072179988050173,10.7010759238799,6206736,447765,SM,771977.11,189673,2239556,0.23072629558667013,0.0,44733041,10.7010759238799,8425853.0,0.9451711981217444,,94768254,13.94,45180806,826243,7068964,43.34844527507758,0.19505750929594085,88561518,213325,16969801,5,24735,CA,63337,94722320,29701301,20201231,6.433376528460485,47435138,1057753,3763,113839098,1560022,103194107,2176219,SANTA CLARA,11.493333498515703,0,SILICON VALLEY BANK,51882,631229,106770134,7068964,24735_20201231,SIVB,True,2023-03-10,2020-12-31,4,0.6261817256677263,15.104070978434747,2176219,34.35936340527654,0.4334844527507758,0.8582032499200754,0.0,0.9179043528134799,0.00991051376994027,2020-02-28,2020.0,0.0,0.0,,,,,0.0,,,,,0.0,,,,False,True,0.15203606007463089,0.17141725565711852,1.931294924958625,-0.1692631067667174,0.057035927117863316
Silicon Valley Bank,2021,141000,2.0542191598409194,14.887897855702853,9361000,423000,SM,1257660.0,123000,3288000,0.12674462466993588,0.0,65852000,14.887897855702853,16053000.0,0.7965936767908325,,175378000,11.88,66275000,1294000,14795000,34.39986209130183,0.20821983970079555,166017000,599000,13125000,22,24735,CA,62000,175096000,53693000,20211231,7.242916584109372,125288000,1686000,6203,208581000,2213000,191431000,3226000,SANTA CLARA,15.404117539251022,0,SILICON VALLEY BANK,72000,796000,193786000,14795000,24735_20211231,SIVB,True,2023-03-10,2021-12-31,4,0.7261728769112631,13.098073673538357,3226000,52.03225806451613,0.34399862091301825,0.8672419827509651,0.0,0.9146689930053126,0.0063824971708789134,2021-03-01,2021.0,0.0,0.0,,,,,0.0,,,,,0.0,,,,False,True,0.15968391785453595,-0.1328116974397504,0.5143545429169849,-0.20643377465997803,0.01053215870684654
Silicon Valley Bank,2022,127000,2.2338375711597145,15.263918951688957,9990000,636000,SM,2004250.0,420000,5681000,0.18720790852402053,0.0,73613000,15.263918951688957,13899000.0,0.9569929993881674,,161479000,13.43,74249000,2024000,15456000,41.97390778774989,0.1007749737417322,151592000,707000,12511000,18,24735,CA,1097000,160075000,82085000,20221231,7.962574261136828,117297000,2702000,7095,209026000,2729000,175378000,4584000,SANTA CLARA,16.050691120072567,6000,SILICON VALLEY BANK,107000,1267000,193570000,15456000,24735_20221231,SIVB,True,2023-03-10,2022-12-31,4,0.7441925441047338,12.523938923395445,4584000,4.178669097538742,0.41973907787749887,0.8643729544184562,2.8704563068709156e-05,0.9127427613497702,0.008565771929588278,2022-03-01,2022.0,0.0,0.0,,,,,0.0,,,,,0.0,,,,False,True,0.02481456932144921,-0.04383352578805688,-0.9196907984973955,0.2201766296721055,-0.003308221222648955
Synovus Financial,2018,0,3.6050089967276753,14.744635368951057,461222,3034,NM,5694.0,337,23606,0.850509539498889,0.0,414598,14.744635368951057,,0.8980574487956459,0.0,521770,9.22,417632,5479,65909,79.45991528834544,0.059591204338239674,60969,729,19017,16,7614,PA,3635,513401,395665,20181231,9.768871796305831,141878,5382,152,623980,19232,521770,19971,MIFFLINTOWN,15.497905789059455,329,THE JUNIATA VALLEY BANK,5525,4980,558071,65909,7614_20181231,SNV,False,,2018-12-31,4,0.30976100580715643,8.467295816959748,19971,5.494085281980743,0.7945991528834544,0.11685033635509899,0.000527260489118241,0.983960365678364,0.007264768983219676,,,,,,,,,,,,,,,,,,False,False,,,,,
Synovus Financial,2019,0,3.531430219927567,15.136565996871616,465537,2961,NM,5946.0,-573,25567,0.817044858833221,0.0,397629,15.136565996871616,,0.9118767597250171,0.0,532017,8.48,400590,5921,72353,74.73990492785005,-0.12219125081318277,67094,0,14950,16,7614,PA,4708,525094,397234,20191231,9.603962512482097,210629,5968,154,669402,20438,532017,20859,MIFFLINTOWN,15.8491156298881,384,THE JUNIATA VALLEY BANK,3637,4974,597049,72353,7614_20191231,SNV,False,,2019-12-31,4,0.4240071275917875,8.251890039113789,20859,4.430543755310111,0.7473990492785005,0.12611251144230354,0.0005736463291116548,0.9869872579259685,0.00739159739384408,2019-02-28,2019.0,0.0,6495.0,,,,,0.0,72.60726072607261,0.0,-0.035499999999999976,0.154,909.0,,,,False,False,0.3688202183064826,-0.025439736900948584,-0.19357936254808217,-0.05940115016945757,0.07926528391888854
Synovus Financial,2020,0,2.9757774660577225,0.0,537047,4094,NM,4887.0,721,24237,0.1268155803350676,0.0,418567,0.0,,0.775346036079091,0.0,623011,7.6,422661,5701,75441,67.184528042041,-0.10026209289818289,86429,10000,32356,16,7614,PA,4037,610036,454751,20201231,8.511436475271573,286570,4870,145,792722,19128,623011,20200,MIFFLINTOWN,0.0,114,THE JUNIATA VALLEY BANK,924,4519,717281,75441,7614_20201231,SNV,False,,2020-12-31,4,0.5279617855864503,9.507840564149468,20200,5.003715630418628,0.6718452804204099,0.13872788762959243,0.00014380829597261083,0.9791737224543386,0.009686249736786692,2020-03-02,2020.0,0.0,100000.0,,,,,0.0,39.97348359297315,0.9280742459396751,0.60561,0.05575,15085.0,,14.396458814472672,,False,False,0.24517195874769615,0.15220155856203843,0.12936829128965432,-0.10108892823857107,0.10003270922933316
Synovus Financial,2021,0,2.8113365045152774,11.062777662854497,603975,3508,NM,6549.04,-769,24510,0.05402782193768632,0.0,414795,11.062777662854497,,0.8139664948675369,0.0,708532,9.16,418303,6622,70266,58.542874563181336,-0.04314157414409946,104951,0,14261,16,7614,PA,3218,665482,524648,20211231,6.985776648723157,335633,6856,137,809566,20250,708532,21292,MIFFLINTOWN,11.062777662854497,85,THE JUNIATA VALLEY BANK,1001,5045,739300,70266,7614_20211231,SNV,False,,2021-12-31,4,0.493829495350951,10.52144707255287,21292,6.616532007458049,0.5854287456318134,0.14812457306092033,0.00010499452793225011,0.9392405706446568,0.008386265458292195,2021-03-01,2021.0,0.0,100000.0,,,,,0.0,35.61881849772789,0.9355787222667735,0.57119,0.0526,14964.0,,0.0,,False,False,-0.0646491681165633,0.10660743641677528,0.32232374822317533,-0.12862564835540868,0.06773465373031073
Synovus Financial,2022,0,3.1952763496229197,12.291943438137464,584629,4027,NM,9798.47,455,27512,0.03673799616934152,0.0,480485,12.291943438137464,,1.0327257461483363,0.0,711571,17.46,484512,8423,35961,67.52453374294343,-0.014421566731969324,127275,0,10999,15,7614,PA,3422,699083,512381,20221231,8.479200710566735,283285,10578,139,829946,19831,711571,24090,MIFFLINTOWN,13.008125743614915,39,THE JUNIATA VALLEY BANK,457,6774,793985,35961,7614_20221231,SNV,False,,2022-12-31,4,0.41356941190689334,22.079057868246156,24090,7.039742840444185,0.6752453374294343,0.17886479353430648,4.699100905360108e-05,0.982450099849488,0.008311455650221254,2022-02-25,2022.0,0.0,100000.0,,,,,0.0,34.891508170372354,0.9375837128315028,0.68967,0.05135000000000001,14932.0,,0.0,,False,False,-0.16252590053783444,1.0984811039769844,0.06396263669685265,0.15342019411890684,0.20752951274832276
Synovus Financial,2023,0,2.9073185811124813,11.722588796855257,618960,5677,NM,6653.43,500,33136,0.9425307483526648,0.0,519717,11.722588796855257,,0.7860993380389965,0.0,749195,17.91,525394,6663,40368,69.37005719472234,-0.007745105788215445,131632,0,28930,15,7614,PA,10489,717033,552018,20231231,8.171294767918958,268402,7646,138,870922,19813,749195,22647,MIFFLINTOWN,12.682824517218108,0,THE JUNIATA VALLEY BANK,598,5312,830554,40368,7614_20231231,SNV,False,,2023-12-31,4,0.3968686390058663,20.5745640110979,22647,2.15911907712842,0.6937005719472233,0.17569791576291888,0.0,0.9570712564819573,0.010805224269786104,2023-02-24,2023.0,0.0,100000.0,,,,,0.0,33.304353641409755,0.9362669698388283,0.6741249999999999,0.054200000000000005,14953.0,,0.0,,False,False,-0.040382031214597935,-0.06814121626593517,-0.6932957458724178,0.02733115431503097,-0.017705428266855616
Truist Financial,2018,152000,3.3310707727530966,11.183778783472762,97050000,1286000,NM,3252200.0,314000,7392000,0.6295617281815351,0.0,143259000,11.183778783472762,0.0,1.4929053517401374,,168539000,11.58,144545000,3233000,28014000,85.00050433430837,0.17323675267002905,74738000,0,3611000,1879,9846,NC,1130000,161196000,115352000,20181231,9.343550081161082,45833000,4045000,33401,219071000,6271000,168539000,6262000,WINSTON SALEM,13.170698145290494,463000,BRANCH BANKING AND TRUST COMPANY,733000,4368000,191001000,28070000,9846_20181231,TFC,False,,2018-12-31,4,0.29336830051204765,6.818055258085243,6262000,5.541592920353982,0.8500050433430838,0.4434463239962264,0.0021134700622172722,0.9564314491008016,0.008896883323532464,,,,,,,,,,,,,,,,,-0.5911311141818043,False,False,,,,,
Truist Financial,2019,5302000,2.954864856311196,10.564549577910261,195795000,1277000,NM,3476140.0,327000,8574000,0.8160899477346754,0.0,302366000,10.564549577910261,0.0,1.251577867580327,,347458000,9.39,303643000,3387000,64032000,87.02231636629463,0.18963744255848003,156540000,143000,18882000,2960,9846,NC,1665000,328646000,254468000,20191231,14.453772106559212,75124000,4299000,53430,461256000,7070000,347458000,6909000,CHARLOTTE,11.994918522285161,2002000,TRUIST BANK,1892000,4787000,397050000,64206000,9846_20191231,TFC,False,,2019-12-31,4,0.27096512384230614,6.200805847076462,6909000,4.149549549549549,0.8702231636629463,0.45052927260273185,0.004340322944308583,0.9458582044448538,0.004205596704024134,,,,,,,,,,,,,,,,,-0.5911311141818043,False,False,-0.07636536268792093,-0.09053159407542366,-0.2511991390943802,0.023785882775876566,0.015972504953194022
Truist Financial,2020,5546000,3.154052669525291,11.034917332607266,217053000,4940000,NM,3775560.0,2056000,14658000,1.090447704678994,0.0,296129000,11.034917332607266,0.0,0.8468407996737365,,395781000,6.38,301069000,4128000,65531000,74.82142902261603,0.28873376357032543,185418000,93000,18472000,2783,9846,NC,1359000,382163000,267081000,20201231,8.70065979610973,121595000,4602000,50236,498944000,13547000,395781000,13299000,CHARLOTTE,13.000686770333672,2014000,TRUIST BANK,1949000,6906000,433307000,65637000,9846_20201231,TFC,False,,2020-12-31,4,0.35413524145929187,6.612244586531565,13299000,9.785871964679911,0.7482142902261604,0.4684863598808432,0.004036525141097999,0.9655920824900639,0.01640819878499613,,,,,,,,,,,,,,,,,-0.5911311141818043,False,False,0.3069403044850463,0.0663524628253096,1.358297412243748,-0.14020412065708032,0.03985775924030932
Truist Financial,2021,4413000,2.7731475213158676,10.498940247105244,234006000,3647000,NM,5493910.0,-917000,12851000,1.008388886017949,0.0,286618000,10.498940247105244,0.0,1.087268050133424,,428138000,8.62,290265000,5569000,64976000,66.94523728330584,0.16693481573281638,202469000,199000,20084000,2519,9846,NC,480000,417398000,280927000,20211231,8.030683537782929,155299000,6808000,48106,528514000,13790000,428138000,12371000,CHARLOTTE,11.986386577593693,1934000,TRUIST BANK,1680000,7310000,463538000,64976000,9846_20211231,TFC,False,,2021-12-31,4,0.41010608728961223,7.133987934006402,12371000,25.772916666666667,0.6694523728330585,0.472905932199431,0.0036593164987114815,0.9749146303294732,0.012564380824419066,2021-02-24,2021.0,0.0,0.0,,,,,0.0,,,,,0.0,,,-0.5911311141818043,False,False,0.15804935312193225,0.07890563342704726,1.6336862734040154,-0.1052665238046907,0.009433726778538265
Truist Financial,2022,3002000,3.153001207679787,10.594332770856552,247469000,4372000,NM,6315280.0,777000,16463000,0.8535463582938851,0.0,322851000,10.594332770856552,0.0,1.1572475364271877,,424922000,10.3,327223000,6183000,59920000,75.97888553663967,0.2702649450275191,184299000,189000,21240000,2123,9846,NC,1900000,396207000,288438000,20221231,8.536346035544048,130037000,7743000,51428,545969000,13403000,424922000,14563000,CHARLOTTE,12.09225156304875,1605000,TRUIST BANK,2267000,7360000,486026000,59943000,9846_20221231,TFC,False,,2022-12-31,4,0.35645600839683517,8.111248331108143,14563000,7.664736842105263,0.7597888553663966,0.43372430704929377,0.002939727347157073,0.9324228917307177,0.013360919006304569,2022-02-23,2022.0,0.0,0.0,,,,,0.0,,,,,0.0,,,-0.5911311141818043,False,False,-0.13082000134977267,0.13698655031967766,-0.7026049887470271,0.13494086539874783,-0.0828528941641904
Truist Financial,2023,2784000,3.2268802680773194,11.661357475808112,249743000,4793000,NM,-633970.0,2106000,24218000,0.6273645898184953,0.0,308422000,11.661357475808112,0.0,-0.11840869016821755,,407533000,-1.06,313215000,-644000,57994000,75.68025166060171,0.49411040263790396,166899000,163000,30498000,2005,9846,NC,9057000,366565000,295614000,20231231,9.21571129551718,121454000,347000,48463,527548000,20213000,407533000,15161000,CHARLOTTE,13.309810265493926,534000,TRUIST BANK,1918000,7505000,469404000,58144000,9846_20231231,TFC,False,,2023-12-31,4,0.37325811652062535,8.09400972514398,15161000,1.6739538478524898,0.7568025166060172,0.4095349333673592,0.0010122301667336432,0.8994731714977683,0.015302587679389556,2023-02-28,2023.0,0.0,0.0,,,,,0.0,,,,,0.0,,,-0.5911311141818043,False,False,0.04713655466030109,-0.0021252716302680996,-0.7816032197404565,-0.0039304850805417235,-0.05577131207263741
U.S. Bancorp,2018,1093733,3.2398298724457875,10.246226216919904,163862015,3972737,N,7191253.46,1402389,16067953,1.0651519775928642,8056.0,284800984,10.237331179808532,28472618.0,1.577434660305352,,327824504,15.29,288773721,7182982,47728337,79.93356286498435,0.4755851295287661,165430563,101423,21369509,3078,6548,OH,2906278,284876217,245520895,20181231,8.624871200903419,111246751,8863341,72114,459476604,12183620,356297122,13161675,CINCINNATI,12.278875245720592,2259319,U.S. BANK NATIONAL ASSOCIATION,1730943,9287675,410948973,48527631,6548_20181231,USB,False,,2018-12-31,4,0.37249159424869,8.610167435752057,13161675,4.5287047557047195,0.7993356286498435,0.46430507793997844,0.004917157871219924,0.7995467810711084,0.01375726636843108,,,,,,,,,,,,,,,,,-0.5213488881235856,False,False,,,,,
U.S. Bancorp,2019,2053995,3.1345061391219855,10.203983864275717,170351082,4019695,N,6954911.8,1500502,17374890,0.9930218986237651,0.0,297660359,10.197705570156199,27328541.0,1.475819061787695,,346975331,14.34,301680054,6975709,48591876,79.52371889970723,0.49263961618025365,178546603,881341,22256667,2843,6548,OH,4110884,308814548,271008932,20191231,8.390313304532572,120982766,8681486,68375,486004220,12510932,374303872,13264006,CINCINNATI,12.252149504910193,2303748,U.S. BANK NATIONAL ASSOCIATION,1638754,9428914,436611717,49392503,6548_20191231,USB,False,,2019-12-31,4,0.38503682377082116,8.985282169389796,13264006,3.226558083370876,0.7952371889970724,0.47700976761469355,0.004740181062625341,0.8250370116395697,0.013324364493782543,,,,,,,,,,,,,,,,,-0.5213488881235856,False,False,0.033679228513692205,0.04356648537171859,-0.2875318093310356,-0.005127307611314413,0.027362805789424183
U.S. Bancorp,2020,3881192,2.753432789148069,11.513032601212615,205491938,7314229,N,4737770.14,3533571,14751166,1.1529753435296475,0.0,299153643,11.398072319316007,22635062.0,0.9428356368119203,,420200774,9.72,306467872,4960627,52588714,67.5540727918867,0.5709945913732918,216774458,149,62424852,2474,6548,OH,1695066,386197197,301694052,20201231,8.421827667039706,135372305,5824144,66930,544774160,13264435,442835836,13056100,CINCINNATI,13.67283113090628,2309506,U.S. BANK NATIONAL ASSOCIATION,2831685,9566050,491385123,53389037,6548_20201231,USB,False,,2020-12-31,4,0.44666056791302683,9.343927349126659,13056100,7.702413947303527,0.675540727918867,0.48951426324946296,0.00423938242592123,0.8721001454814511,0.02386621785920842,,,,,,,,,,,,,,,,,-0.5213488881235856,False,False,0.16004636527670124,0.03991473756479924,1.3871920939531326,-0.1505166794691314,0.02621433874886603
U.S. Bancorp,2021,2315469,2.5493263271486044,11.004071994381318,227944101,5724215,N,8038818.82,-1159245,13406037,0.8634198815110455,0.0,314078590,10.896469545881763,18102565.0,1.4688245192005702,,447155910,15.67,319802805,8096626,51465472,67.50625875219146,0.2218814126974963,220945746,386,28733182,2272,6548,OH,704308,404758583,311850062,20211231,8.18819151356081,173611507,10291648,67684,564154604,13296311,465258475,12701729,CINCINNATI,12.863912235826746,1926776,U.S. BANK NATIONAL ASSOCIATION,1998956,9726985,512051336,52103268,6548_20211231,USB,False,,2021-12-31,4,0.4349089503420652,9.949414939787204,12701729,18.03433867001369,0.6750625875219146,0.47488817049490606,0.0034153332904467443,0.86996498666682,0.017899201978544246,2021-02-23,2021.0,32733.0,0.0,20.06335797254488,0.6335797254487857,0.7809571428571429,0.029857142857142856,4735.0,,,,,0.0,,,-0.5213488881235856,False,False,-0.026309950810902705,0.06480011755625825,1.3413878809158497,-0.0007077891490352428,-0.029878787713900068
U.S. Bancorp,2022,2408246,2.821560603566943,10.78999938440489,222013746,6108069,N,6543650.8,1302554,17498586,0.9879216031078379,0.0,330951976,10.688024258243438,11489109.0,1.1484999931543238,,453331532,14.72,337060045,6661984,44080326,71.1999310719078,0.265825650050318,236877091,249672,45452963,2237,6548,OH,2778111,416605133,351074951,20221231,8.052658505842425,150494020,8229643,68579,585135605,14231215,464820641,14720475,CINCINNATI,12.990144825303544,2686712,U.S. BANK NATIONAL ASSOCIATION,1670538,9042937,540420571,44715034,6548_20221231,USB,False,,2022-12-31,4,0.42209109857494476,12.259904135010254,14720475,5.29873536370577,0.711999310719078,0.5096096646878467,0.004591605735562785,0.8962707252064566,0.018121605009576262,2022-02-22,2022.0,16801.0,0.0,25.58811390837804,0.0,0.979175,0.0315,2423.0,,,,,0.0,-0.4867259340726484,,-0.5213488881235856,False,False,-0.02947249477629499,0.23222362412321562,-0.7061863226226222,0.05471599801250182,0.07311509603777999
U.S. Bancorp,2023,2839270,3.0071158585441937,13.152683216250043,264585939,7379461,N,6015754.51,2285619,29693360,1.106142422892119,0.0,368656745,13.05296652393244,7474126.0,0.872920179030775,,517223585,9.7,376036206,5862096,61526628,70.26078773955238,0.4972058657295039,260257829,32080,60927551,2309,6548,OH,11752480,470658188,426692686,20231231,9.234316343096092,153095920,7657565,72548,650658504,18357023,524697711,17940880,CINCINNATI,15.435755974529682,2710991,U.S. BANK NATIONAL ASSOCIATION,1968488,10359327,588497319,62161185,6548_20231231,USB,False,,2023-12-31,4,0.40795975761365577,9.564920720179886,17940880,1.5265612024015356,0.7026078773955239,0.49601479774704027,0.004166534339186936,0.8970082737791856,0.019624336386374456,2023-02-27,2023.0,16584.0,0.0,10.815307820299502,0.0,0.9931,0.017499999999999998,2404.0,,,,,0.0,-0.012915897863222447,,-0.5213488881235856,False,False,-0.03347936265180418,-0.21982092071457404,-0.7119008409331267,-0.013190228111413904,-0.026677019457889917
Webster Financial,2018,0,3.309840306896244,37.87616741611899,19273,121,NM,137.0,0,1548,1.4787526591604836,0.0,19152,37.87616741611899,,0.3705206220419202,0.0,20202,2.15,19273,137,6395,94.8024948024948,-0.09272592398656021,930,2194,1285,1,27847,OH,435,18910,19643,20181231,17.712714331931416,12557,137,6,37751,1080,20202,1113,CLEVELAND,38.573734578577195,0,THE PIONEER SAVINGS BANK,57,104,31356,6395,27847_20181231,WBS,False,,2018-12-31,4,0.7937827937827938,4.903205629397967,1113,2.5586206896551724,0.9480249480249481,0.04603504603504603,0.0,0.936045936045936,0.006278213044155036,2018-03-01,2018.0,0.0,0.0,,,,,0.0,,,,,0.0,,,-0.7198808593351044,True,True,,,,,
Webster Financial,2019,0,3.04719624056753,34.604832752980904,21716,141,NM,58.0,0,1665,0.8662472929772095,0.0,19253,34.604832752980904,,0.18562346280569866,0.0,23146,1.08,19394,72,6712,83.18067916702671,-0.10319810941063559,1431,4889,1456,1,27847,OH,586,18962,22687,20191231,16.280281969817313,12898,58,6,41091,1064,23146,1079,CLEVELAND,35.34873905244276,0,THE PIONEER SAVINGS BANK,1637,43,34379,6712,27847_20191231,WBS,False,,2019-12-31,4,0.8313747515769463,5.122020262216925,1079,1.841296928327645,0.831806791670267,0.06182493735418647,0.0,0.8192344249546358,0.007270289780344437,2019-03-01,2019.0,0.0,0.0,,,,,0.0,,,,,0.0,,,-0.7198808593351044,True,True,0.04735799023182019,0.0446268521774853,-0.280355647958198,-0.12258976580395076,0.3429971875583604
Webster Financial,2020,0,2.4895401955343037,34.85227575192973,24155,158,NM,-104.0,0,1486,4.083059874119103,0.0,18431,34.85227575192973,,0.02877684039884701,0.0,25280,0.18,18589,12,6793,72.90743670886076,-0.09203716135738571,1126,8139,1166,1,27847,OH,553,19987,24804,20201231,15.509072819443787,12114,-104,5,42436,1102,25280,933,CLEVELAND,35.69337237157306,0,THE PIONEER SAVINGS BANK,53,65,35644,6793,27847_20201231,WBS,False,,2020-12-31,4,0.8472705696202532,5.247166200500515,933,1.6871609403254972,0.7290743670886076,0.04454113924050633,0.0,0.790625,0.00849965033084082,2020-02-28,2020.0,0.0,0.0,,,,,0.0,,,,,0.0,,,-0.7198808593351044,True,True,0.019119919161792787,0.024432925267153127,-0.0837105551151609,-0.12350515241090165,-0.2795603012852833
Webster Financial,2021,0,2.4205392736335214,32.07629799036543,25650,181,NM,2.0,0,1362,3.7050359712230216,0.0,19279,32.07629799036543,,0.0047137126615035795,0.0,26944,0.03,19460,2,6531,71.5521080760095,-0.11941848390446522,1318,6137,1070,1,27847,OH,416,21564,26600,20211231,15.261378895216929,13215,2,6,43014,1022,26944,946,CLEVELAND,32.957033720986814,0,THE PIONEER SAVINGS BANK,51,78,36483,6531,27847_20211231,WBS,False,,2021-12-31,4,0.7579423990498813,5.586127698667892,946,2.2740384615384617,0.715521080760095,0.048916270783847984,0.0,0.8003266033254157,0.009301130524152107,2021-02-26,2021.0,0.0,0.0,,,,,0.0,,,,,0.0,,,-0.7198808593351044,True,True,-0.10543051272323645,0.06459896355770933,0.3478491631626681,-0.01858971723643854,0.09822675436561012
Webster Financial,2022,0,2.902420918051718,34.483474290458155,25615,209,NM,16.0,0,1572,1.290649120587119,0.0,23500,34.483474290458155,,0.15794511053800347,0.0,26495,1.2,23709,67,4946,88.6959803736554,-0.12317329602942083,881,2455,484,1,27847,OH,446,21322,26070,20221231,16.696394925260645,12879,16,6,42459,1175,26495,1126,CLEVELAND,35.56789290717584,0,THE PIONEER SAVINGS BANK,49,65,37513,4946,27847_20221231,WBS,False,,2022-12-31,4,0.5970183053406303,7.58451273756571,1126,2.524663677130045,0.886959803736554,0.03325155689752784,0.0,0.8047556142668428,0.008815217849761693,2022-02-25,2022.0,0.0,0.0,,,,,0.0,,,,,0.0,,,-0.7198808593351044,True,True,-0.21231704930477224,0.35774066521507697,0.1102115112960873,0.23959982114620626,-0.32023524351518207
Webster Financial,2023,0,2.499032320495452,0.0,29107,314,NM,-2.0,0,2102,0.0,0.0,29980,0.0,,-0.004415011037527594,0.0,30282,-0.04,30294,-2,4992,99.00270787926821,-0.011694812181316367,1176,2836,672,1,27847,OH,1069,19222,29830,20231231,13.862533808440302,14143,-2,6,50995,1097,30282,1033,CLEVELAND,0.0,0,THE PIONEER SAVINGS BANK,47,62,46003,4992,27847_20231231,WBS,False,,2023-12-31,4,0.5828875239416155,9.215344551282051,1033,0.9663236669784846,0.9900270787926821,0.038834951456310676,0.0,0.6347665279704114,0.010365088796461346,2023-03-10,2023.0,0.0,0.0,,,,,0.0,,,,,0.0,,,-0.7198808593351044,True,True,-0.02366892484302041,0.21502130329861702,-0.6172465759570123,0.11620287032391974,0.1679137784732705
Wintrust Financial,2018,0,4.882205139687041,11.518975513238777,237103,3905,SB,2711.0,1330,17997,1.5412366933601997,0.0,266073,11.518975513238777,,0.9488489562661483,0.0,253435,9.68,269978,2711,28335,104.98668297591098,0.3454672651097713,16334,0,21720,3,27417,RI,4652,235569,241877,20181231,9.423871458818759,1664,2711,130,302006,15356,253435,13345,WARWICK,12.775613184741582,0,"HOME LOAN INVESTMENT BANK, F.S.B.",1965,6052,273671,28335,27417_20181231,WTFC,False,,2018-12-31,4,0.09226823445853967,9.658408328921828,13345,2.86865864144454,1.0498668297591098,0.06445045080592657,0.0,0.9295046067038886,0.014464141522642585,2018-02-28,2018.0,0.0,100000.0,,,,,0.0,49.3414586200118,0.327632527357316,0.317565,0.0794,15261.0,,,-0.7450060585302519,True,True,,,,,
Wintrust Financial,2019,0,4.625383046539514,11.866018250368832,297475,4826,SB,4622.0,2435,21072,1.4997476871320436,0.0,292424,11.866018250368832,,1.4214138362427928,0.0,311074,15.58,297250,4622,32585,94.0046419822936,0.5220236034661816,13601,0,38903,3,27417,RI,6630,269923,303945,20191231,9.66742445377004,1340,4622,131,346188,15370,311074,14442,WARWICK,13.124237291222702,0,"HOME LOAN INVESTMENT BANK, F.S.B.",3128,7985,313603,32585,27417_20191231,WTFC,False,,2019-12-31,4,0.129367931746144,9.624152217277889,14442,2.178280542986425,0.940046419822936,0.043722715495348376,0.0,0.8677131486398735,0.016235492010092514,2019-02-28,2019.0,0.0,100000.0,,,,,0.0,47.46918436926305,0.3278258589037503,0.4895250000000001,0.07880000000000001,15252.0,,0.0,-0.7450060585302519,True,True,0.4020852626618201,-0.003546765727574397,-0.24066233900540657,-0.1046041334226856,-0.32160729756559225
Wintrust Financial,2020,0,4.303480612154355,13.124751751361194,316343,7911,SB,5763.0,4725,21197,1.994798160150261,0.0,299288,13.124751751361194,,1.6098242014987034,0.0,336201,17.05,307199,5763,37362,89.02055615539514,0.5287000297877333,19881,0,60927,2,27417,RI,6453,274435,326655,20201231,9.990902523211945,1052,5763,104,377077,15220,336201,14744,WARWICK,14.395433279553451,0,"HOME LOAN INVESTMENT BANK, F.S.B.",2823,10964,339715,37362,27417_20201231,WTFC,False,,2020-12-31,4,0.18435102810521087,9.092527166639902,14744,2.2848287618162093,0.8902055615539514,0.05913426789331382,0.0,0.8162825214678124,0.02575203695324529,2020-02-28,2020.0,0.0,0.0,,,,,0.0,,,,,0.0,,-1.0,-0.7450060585302519,True,True,0.42501333689835175,-0.0552386369870147,0.04891391018151703,-0.053019571393477016,0.35248387990917607
Wintrust Financial,2021,0,4.357194047882357,14.843692045805042,273678,7501,SB,15256.0,740,20296,1.2741119825576113,0.0,256683,14.843692045805042,,4.204404151931778,0.0,298822,39.58,264184,15256,38033,85.89829396764628,0.40091254668016524,25198,0,65667,3,27417,RI,5206,239719,285934,20211231,10.869465775434705,808,15256,100,339245,17226,298822,15090,WARWICK,16.11648817588012,0,"HOME LOAN INVESTMENT BANK, F.S.B.",1828,18132,301212,38033,27417_20211231,WTFC,False,,2021-12-31,4,0.2224568472200842,7.919753897930744,15090,2.898578563196312,0.8589829396764629,0.08432444732984853,0.0,0.8022133577849021,0.028393089664779093,2021-02-26,2021.0,0.0,0.0,,,,,0.0,,,,,0.0,,,-0.7450060585302519,True,True,0.20670250394874912,-0.128982102248978,0.26861960582649225,-0.03507349675841831,0.4259827733384842
Wintrust Financial,2022,0,5.282947489417737,15.836462811602575,295232,6353,SB,8579.0,-400,22451,1.2240453686200379,0.0,324272,15.836462811602575,,2.478879392794462,0.0,324741,20.05,330625,8579,46209,99.85557721384119,0.26155236222344685,29614,0,29700,4,27417,RI,5023,242455,318248,20221231,12.696622172087485,11386,8579,95,379838,18758,324741,17428,WARWICK,17.098676273173716,0,"HOME LOAN INVESTMENT BANK, F.S.B.",2714,9509,333629,46209,27417_20221231,WTFC,False,,2022-12-31,4,0.12651928767848838,7.220000432816118,17428,3.4696396575751542,0.9985557721384118,0.09119267354599511,0.0,0.7466103756532129,0.019215122873345935,2022-02-25,2022.0,0.0,56983.0,,,,,0.0,53.649050560512464,0.34317089910775567,0.17305,0.09075000000000001,8742.0,,inf,-0.7450060585302519,True,True,-0.4312636843525949,-0.08835545575443404,0.19701418537682258,0.16248615195375038,0.08144999977622636
Wintrust Financial,2023,0,5.517367105982777,14.910404085154008,307838,7495,SB,6403.0,1415,30994,1.1822079343290588,0.0,358938,14.910404085154008,,1.636828984475816,0.0,341636,13.0,366433,6403,50847,105.0644545656781,0.22799615857442526,34027,0,28711,4,27417,RI,10414,242144,336305,20231231,12.608538127290608,12658,6403,106,416722,20961,341636,20580,WARWICK,16.171858605171728,0,"HOME LOAN INVESTMENT BANK, F.S.B.",1701,8199,365875,50847,27417_20231231,WTFC,False,,2023-12-31,4,0.12109086864381974,7.195606427124511,20580,1.9761859035913194,1.050644545656781,0.0996001592338044,0.0,0.7087777634675503,0.02045394383147806,2023-02-28,2023.0,0.0,58401.0,,,,,0.0,52.92666517156313,0.3363982955819691,0.1729833333333333,0.09899999999999999,8918.0,,0.0248846147096502,-0.7450060585302519,True,True,-0.04290586150361031,-0.0033786709458814013,-0.4304348293700254,0.05216411037995483,0.09219474943421613
Zions Bancorporation,2018,150120,3.6196492750620264,12.70940767096663,30259199,495322,N,884476.65,-38652,2493024,0.5590014606611708,0.0,46312248,11.653541367643468,,1.3236951780674462,0.0,54100276,11.68,46807570,884528,7578417,85.60445791441063,-0.03555646655279094,24030477,1461011,1231922,440,2270,UT,250398,51249241,30455422,20181231,10.267476583710994,15511046,1143707,10201,68745745,1677729,54100276,2242626,SALT LAKE CITY,13.901350521242684,9743,"ZIONS BANCORPORATION, N.A.",64594,540158,61167328,7578417,2270_20181231,ZION,False,,2018-12-31,4,0.33648588040475064,8.07125393073514,2242626,8.956245656914193,0.8560445791441064,0.44418400009641357,0.0001417251351338181,0.9473009158030913,0.010582091742852705,,,,,,,,,,,,,,,,,-0.7222540469308103,True,True,,,,,
Zions Bancorporation,2019,332634,3.5559776006514396,11.215049249285967,29118312,494726,N,823122.48,37011,2693594,0.5182129482287691,0.0,48342919,10.205300322194725,,1.1740918389224182,0.0,57085487,10.84,48837645,816082,7353251,84.68513021532075,0.07801687513701497,28283000,484409,1447221,439,2270,UT,411653,53446295,33509061,20191231,9.17147138940799,14316458,1061695,10188,69171552,1746720,57085487,2281941,SALT LAKE CITY,13.225001928128988,9763,"ZIONS BANCORPORATION, N.A.",75443,563485,61818301,7353251,2270_20191231,ZION,False,,2019-12-31,4,0.2846272994044879,8.406934701399422,2281941,5.543360548811742,0.8468513021532075,0.4954499205726317,0.0001411418381938286,0.9362501365714897,0.010130013435332519,,,,,,,,,,,,,,,,,-0.7222540469308103,True,True,-0.1541181488444131,0.041589667918390916,-0.3810620251877208,-0.010739250285412227,0.11541595479596412
Zions Bancorporation,2020,660177,3.1736161439086614,11.776832657715829,31892326,776529,N,538666.8,384381,2370098,0.7086362367780602,0.0,52780004,10.76395503837302,,0.7150206598725886,0.0,69653429,7.1,53556533,539014,7885967,75.77516966178362,0.19979487314973912,38049000,5764921,1617163,427,2270,UT,152683,68191788,37159715,20201231,8.340735253579746,16367026,671720,9678,81479376,1731480,69653429,2217415,SALT LAKE CITY,14.073083112579148,12471,"ZIONS BANCORPORATION, N.A.",111665,570166,73593409,7885967,2270_20201231,ZION,False,,2020-12-31,4,0.34096110329327795,9.332198448205528,2217415,14.522998631150816,0.7577516966178363,0.5462616922994559,0.0001530571368145971,0.9790155198245876,0.01449923952321559,,,,,,,,,,,,,,,,,-0.7222540469308103,True,True,0.19792129569670447,0.11005958529118653,1.6198906788164669,-0.10521281045305853,0.10255682686980117
Zions Bancorporation,2021,575388,2.7140371213181935,10.917860744106541,34488095,513335,N,1128772.86,-275567,2268184,0.546581873927289,0.0,50420114,10.180279903900916,,1.29656238271628,0.0,82789356,14.44,50933449,1128825,7462248,60.901686443846714,0.010839690620397647,48826000,2133007,10878213,423,2270,UT,58778,81900127,41736044,20211231,7.157577495008241,24489090,1445856,10007,93199669,1741081,82789356,2209406,SALT LAKE CITY,12.837652992701166,7638,"ZIONS BANCORPORATION, N.A.",70036,701964,85737421,7462248,2270_20211231,ZION,False,,2021-12-31,4,0.45296052308946577,11.489489628326478,2209406,37.5889958828133,0.6090168644384671,0.5897618046455151,8.195308075611298e-05,0.9892591385781525,0.010078543866134021,2021-02-25,2021.0,0.0,0.0,,,,,0.0,,,,,0.0,,,-0.7222540469308103,True,True,0.3284815150889848,0.23116644937354192,1.5882393049454353,-0.19628439348039084,0.07963236844038635
Zions Bancorporation,2022,70521,3.016875631113031,10.308017240142563,34024870,575113,N,906619.51,122497,2708638,0.2781836942649435,0.0,55086309,9.653079173525157,,1.0072694502552069,0.0,72020002,15.65,55661422,906802,4893499,76.48751384372358,0.07491388923753461,38429574,2426201,1997112,421,2270,UT,188791,70630535,36243066,20221231,7.648084442674596,23434858,1151659,9989,89544919,1872654,72020002,2519847,SALT LAKE CITY,12.029822199577385,5766,"ZIONS BANCORPORATION, N.A.",92919,626963,84651420,4893499,2270_20221231,ZION,False,,2022-12-31,4,0.38681158325988385,17.29875085291731,2519847,13.347283503980591,0.7648751384372358,0.5335958474424924,6.439226328408428e-05,0.9807072068673367,0.010332344725220998,2022-02-25,2022.0,0.0,100000.0,,,,,0.0,33.70936519591483,0.2670048728389293,0.688375,0.05849999999999998,14981.0,,inf,-0.7222540469308103,True,True,-0.14603687619045913,0.5056152546818555,-0.6449151356532158,0.25591782937320606,-0.09523498599028812
Zions Bancorporation,2023,48262,3.0353000531985863,10.910122719344685,42805478,684266,N,680530.9,132395,3965576,0.38953993290084743,0.0,57148059,10.253315800753379,,0.7732778796257556,0.0,75339017,12.9,57832325,680207,5690339,75.85453232021861,0.0640145781517547,33183529,936847,1725783,413,2270,UT,1508732,66676822,49095327,20231231,8.337756842902515,21160696,886890,9679,87202697,2095621,75339017,2456844,SALT LAKE CITY,12.778509297942083,3009,"ZIONS BANCORPORATION, N.A.",86403,658062,81512358,5690339,2270_20231231,ZION,False,,2023-12-31,4,0.31621498326690406,14.324692781923888,2456844,1.6284164450677787,0.7585453232021862,0.44045609196095564,3.450581350712123e-05,0.8850237852187532,0.011831895051772517,2023-02-23,2023.0,0.0,100000.0,,,,,0.0,35.955356546147165,0.2673260709750719,0.55967,0.06774999999999999,14963.0,,0.0,-0.7222540469308103,True,True,-0.1825090122638563,-0.1719232848822646,-0.8779964144327846,-0.008275619008852098,-0.17455112502833858
